key,value,date
1,138,2010-03-12
1,310,2010-03-26
1,376,2010-04-09
1,337,2010-04-23
1,238,2010-05-07
1,354,2010-05-21
1,546,2010-06-04
1,543,2010-06-18
1,371,2010-07-02
1,216,2010-07-16
1,239,2010-07-30
1,386,2010-08-13
1,479,2010-08-27
1,395,2010-09-10
1,386,2010-09-24
1,304,2010-10-08
1,157,2010-10-22
1,282,2010-11-05
1,443,2010-11-19
1,465,2010-12-03
1,504,2010-12-17
1,512,2010-12-31
1,608,2011-01-14
1,652,2011-01-28
1,411,2011-02-11
1,200,2011-02-25
1,62,2011-03-11
1,58,2011-03-25
1,361,2011-04-08
1,614,2011-04-22
1,517,2011-05-06
1,208,2011-05-20
1,42,2011-06-03
1,243,2011-06-17
1,364,2011-07-01
1,374,2011-07-15
1,325,2011-07-29
1,173,2011-08-12
1,240,2011-08-26
1,363,2011-09-09
1,319,2011-09-23
1,302,2011-10-07
1,276,2011-10-21
1,181,2011-11-04
1,70,2011-11-18
1,0,2011-12-02
1,1,2011-12-16
1,1,2011-12-30
1,0,2012-01-13
1,2,2012-01-27
1,2,2012-02-10
1,0,2012-02-24
1,0,2012-03-09
1,4,2012-03-23
1,4,2012-04-06
1,0,2012-04-20
1,0,2012-05-04
1,0,2012-05-18
1,0,2012-06-01
1,0,2012-06-15
1,0,2012-06-29
1,0,2012-07-13
1,0,2012-07-27
1,0,2012-08-10
1,0,2012-08-24
1,0,2012-09-07
1,0,2012-09-21
1,0,2012-10-05
1,0,2012-10-19
1,0,2012-11-02
1,0,2012-11-16
1,0,2012-11-30
1,0,2012-12-14
1,0,2012-12-28
1,0,2013-01-11
1,0,2013-01-25
1,0,2013-02-08
1,0,2013-02-22
1,0,2013-03-08
1,0,2013-03-22
1,0,2013-04-05
1,0,2013-04-19
1,0,2013-05-03
1,0,2013-05-17
1,0,2013-05-31
1,0,2013-06-14
1,0,2013-06-28
1,0,2013-07-12
1,0,2013-07-26
1,0,2013-08-09
1,0,2013-08-23
1,0,2013-09-06
1,0,2013-09-20
1,0,2013-10-04
1,0,2013-10-18
1,1,2013-11-01
1,1,2013-11-15
1,0,2013-11-29
1,0,2013-12-13
1,0,2013-12-27
1,0,2014-01-10
1,0,2014-01-24
1,0,2014-02-07
1,0,2014-02-21
1,0,2014-03-07
1,0,2014-03-21
1,0,2014-04-04
1,0,2014-04-18
1,0,2014-05-02
1,0,2014-05-16
1,0,2014-05-30
1,0,2014-06-13
1,0,2014-06-27
1,0,2014-07-11
1,0,2014-07-25
1,0,2014-08-08
1,0,2014-08-22
1,0,2014-09-05
1,0,2014-09-19
2,17,2010-03-12
2,27,2010-03-26
2,14,2010-04-09
2,5,2010-04-23
2,2,2010-05-07
2,1,2010-05-21
2,14,2010-06-04
2,27,2010-06-18
2,13,2010-07-02
2,0,2010-07-16
2,0,2010-07-30
2,17,2010-08-13
2,38,2010-08-27
2,21,2010-09-10
2,7,2010-09-24
2,15,2010-10-08
2,19,2010-10-22
2,24,2010-11-05
2,32,2010-11-19
2,19,2010-12-03
2,1,2010-12-17
2,8,2010-12-31
2,7,2011-01-14
2,9,2011-01-28
2,12,2011-02-11
2,3,2011-02-25
2,0,2011-03-11
2,0,2011-03-25
2,1,2011-04-08
2,15,2011-04-22
2,14,2011-05-06
2,25,2011-05-20
2,34,2011-06-03
2,20,2011-06-17
2,11,2011-07-01
2,11,2011-07-15
2,12,2011-07-29
2,14,2011-08-12
2,19,2011-08-26
2,32,2011-09-09
2,32,2011-09-23
2,12,2011-10-07
2,6,2011-10-21
2,28,2011-11-04
2,28,2011-11-18
2,5,2011-12-02
2,6,2011-12-16
2,23,2011-12-30
2,24,2012-01-13
2,9,2012-01-27
2,16,2012-02-10
2,24,2012-02-24
2,44,2012-03-09
2,29,2012-03-23
2,54,2012-04-06
2,60,2012-04-20
2,33,2012-05-04
2,51,2012-05-18
2,27,2012-06-01
2,31,2012-06-15
2,63,2012-06-29
2,94,2012-07-13
2,66,2012-07-27
2,23,2012-08-10
2,25,2012-08-24
2,36,2012-09-07
2,27,2012-09-21
2,0,2012-10-05
2,0,2012-10-19
2,0,2012-11-02
2,0,2012-11-16
2,0,2012-11-30
2,19,2012-12-14
2,40,2012-12-28
2,21,2013-01-11
2,10,2013-01-25
2,18,2013-02-08
2,8,2013-02-22
2,0,2013-03-08
2,19,2013-03-22
2,35,2013-04-05
2,18,2013-04-19
2,2,2013-05-03
2,0,2013-05-17
2,0,2013-05-31
2,0,2013-06-14
2,12,2013-06-28
2,14,2013-07-12
2,27,2013-07-26
2,32,2013-08-09
2,30,2013-08-23
2,45,2013-09-06
2,42,2013-09-20
2,20,2013-10-04
2,2,2013-10-18
2,2,2013-11-01
2,12,2013-11-15
2,12,2013-11-29
2,3,2013-12-13
2,4,2013-12-27
2,1,2014-01-10
2,21,2014-01-24
2,25,2014-02-07
2,4,2014-02-21
2,0,2014-03-07
2,14,2014-03-21
2,14,2014-04-04
2,1,2014-04-18
2,1,2014-05-02
2,9,2014-05-16
2,9,2014-05-30
2,0,2014-06-13
2,0,2014-06-27
2,0,2014-07-11
2,0,2014-07-25
2,0,2014-08-08
2,0,2014-08-22
2,0,2014-09-05
2,0,2014-09-19
3,12,2010-03-12
3,12,2010-03-26
3,0,2010-04-09
3,3,2010-04-23
3,3,2010-05-07
3,6,2010-05-21
3,6,2010-06-04
3,0,2010-06-18
3,0,2010-07-02
3,1,2010-07-16
3,1,2010-07-30
3,3,2010-08-13
3,6,2010-08-27
3,3,2010-09-10
3,3,2010-09-24
3,3,2010-10-08
3,0,2010-10-22
3,0,2010-11-05
3,2,2010-11-19
3,4,2010-12-03
3,2,2010-12-17
3,0,2010-12-31
3,0,2011-01-14
3,5,2011-01-28
3,5,2011-02-11
3,0,2011-02-25
3,0,2011-03-11
3,0,2011-03-25
3,0,2011-04-08
3,0,2011-04-22
3,0,2011-05-06
3,2,2011-05-20
3,2,2011-06-03
3,1,2011-06-17
3,4,2011-07-01
3,3,2011-07-15
3,3,2011-07-29
3,3,2011-08-12
3,0,2011-08-26
3,7,2011-09-09
3,7,2011-09-23
3,0,2011-10-07
3,0,2011-10-21
3,4,2011-11-04
3,4,2011-11-18
3,0,2011-12-02
3,3,2011-12-16
3,7,2011-12-30
3,4,2012-01-13
3,1,2012-01-27
3,10,2012-02-10
3,9,2012-02-24
3,0,2012-03-09
3,5,2012-03-23
3,5,2012-04-06
3,0,2012-04-20
3,0,2012-05-04
3,0,2012-05-18
3,14,2012-06-01
3,17,2012-06-15
3,3,2012-06-29
3,2,2012-07-13
3,2,2012-07-27
3,0,2012-08-10
3,3,2012-08-24
3,3,2012-09-07
3,1,2012-09-21
3,1,2012-10-05
3,1,2012-10-19
3,1,2012-11-02
3,0,2012-11-16
3,0,2012-11-30
3,2,2012-12-14
3,3,2012-12-28
3,1,2013-01-11
3,0,2013-01-25
3,0,2013-02-08
3,0,2013-02-22
3,0,2013-03-08
3,0,2013-03-22
3,0,2013-04-05
3,0,2013-04-19
3,0,2013-05-03
3,0,2013-05-17
3,0,2013-05-31
3,0,2013-06-14
3,0,2013-06-28
3,0,2013-07-12
3,4,2013-07-26
3,4,2013-08-09
3,0,2013-08-23
3,1,2013-09-06
3,1,2013-09-20
3,0,2013-10-04
3,0,2013-10-18
3,8,2013-11-01
3,8,2013-11-15
3,0,2013-11-29
3,0,2013-12-13
3,0,2013-12-27
3,0,2014-01-10
3,0,2014-01-24
3,0,2014-02-07
3,0,2014-02-21
3,0,2014-03-07
3,0,2014-03-21
3,0,2014-04-04
3,0,2014-04-18
3,0,2014-05-02
3,0,2014-05-16
3,0,2014-05-30
3,0,2014-06-13
3,0,2014-06-27
3,0,2014-07-11
3,0,2014-07-25
3,0,2014-08-08
3,0,2014-08-22
3,0,2014-09-05
3,0,2014-09-19
4,2,2010-03-12
4,5,2010-03-26
4,5,2010-04-09
4,2,2010-04-23
4,4,2010-05-07
4,8,2010-05-21
4,5,2010-06-04
4,1,2010-06-18
4,0,2010-07-02
4,1,2010-07-16
4,6,2010-07-30
4,12,2010-08-13
4,14,2010-08-27
4,17,2010-09-10
4,11,2010-09-24
4,6,2010-10-08
4,5,2010-10-22
4,2,2010-11-05
4,10,2010-11-19
4,8,2010-12-03
4,6,2010-12-17
4,13,2010-12-31
4,7,2011-01-14
4,0,2011-01-28
4,3,2011-02-11
4,3,2011-02-25
4,2,2011-03-11
4,2,2011-03-25
4,1,2011-04-08
4,10,2011-04-22
4,10,2011-05-06
4,1,2011-05-20
4,3,2011-06-03
4,4,2011-06-17
4,1,2011-07-01
4,1,2011-07-15
4,11,2011-07-29
4,10,2011-08-12
4,0,2011-08-26
4,3,2011-09-09
4,11,2011-09-23
4,13,2011-10-07
4,24,2011-10-21
4,20,2011-11-04
4,1,2011-11-18
4,6,2011-12-02
4,6,2011-12-16
4,0,2011-12-30
4,0,2012-01-13
4,4,2012-01-27
4,4,2012-02-10
4,0,2012-02-24
4,1,2012-03-09
4,4,2012-03-23
4,4,2012-04-06
4,1,2012-04-20
4,0,2012-05-04
4,0,2012-05-18
4,0,2012-06-01
4,0,2012-06-15
4,0,2012-06-29
4,1,2012-07-13
4,2,2012-07-27
4,1,2012-08-10
4,0,2012-08-24
4,2,2012-09-07
4,2,2012-09-21
4,0,2012-10-05
4,0,2012-10-19
4,0,2012-11-02
4,0,2012-11-16
4,0,2012-11-30
4,0,2012-12-14
4,0,2012-12-28
4,0,2013-01-11
4,0,2013-01-25
4,0,2013-02-08
4,0,2013-02-22
4,0,2013-03-08
4,10,2013-03-22
4,10,2013-04-05
4,0,2013-04-19
4,0,2013-05-03
4,0,2013-05-17
4,4,2013-05-31
4,5,2013-06-14
4,1,2013-06-28
4,1,2013-07-12
4,1,2013-07-26
4,0,2013-08-09
4,0,2013-08-23
4,0,2013-09-06
4,0,2013-09-20
4,0,2013-10-04
4,0,2013-10-18
4,0,2013-11-01
4,2,2013-11-15
4,2,2013-11-29
4,0,2013-12-13
4,0,2013-12-27
4,0,2014-01-10
4,0,2014-01-24
4,0,2014-02-07
4,2,2014-02-21
4,4,2014-03-07
4,3,2014-03-21
4,1,2014-04-04
4,0,2014-04-18
4,0,2014-05-02
4,0,2014-05-16
4,0,2014-05-30
4,0,2014-06-13
4,0,2014-06-27
4,0,2014-07-11
4,0,2014-07-25
4,0,2014-08-08
4,0,2014-08-22
4,0,2014-09-05
4,0,2014-09-19
5,5,2010-03-12
5,5,2010-03-26
5,0,2010-04-09
5,1,2010-04-23
5,1,2010-05-07
5,0,2010-05-21
5,1,2010-06-04
5,1,2010-06-18
5,6,2010-07-02
5,10,2010-07-16
5,4,2010-07-30
5,3,2010-08-13
5,3,2010-08-27
5,3,2010-09-10
5,4,2010-09-24
5,4,2010-10-08
5,3,2010-10-22
5,0,2010-11-05
5,0,2010-11-19
5,3,2010-12-03
5,4,2010-12-17
5,4,2010-12-31
5,3,2011-01-14
5,0,2011-01-28
5,0,2011-02-11
5,0,2011-02-25
5,0,2011-03-11
5,0,2011-03-25
5,0,2011-04-08
5,1,2011-04-22
5,1,2011-05-06
5,0,2011-05-20
5,0,2011-06-03
5,0,2011-06-17
5,8,2011-07-01
5,8,2011-07-15
5,0,2011-07-29
5,0,2011-08-12
5,0,2011-08-26
5,2,2011-09-09
5,2,2011-09-23
5,0,2011-10-07
5,0,2011-10-21
5,0,2011-11-04
5,2,2011-11-18
5,5,2011-12-02
5,3,2011-12-16
5,0,2011-12-30
5,0,2012-01-13
5,2,2012-01-27
5,2,2012-02-10
5,0,2012-02-24
5,0,2012-03-09
5,3,2012-03-23
5,3,2012-04-06
5,0,2012-04-20
5,0,2012-05-04
5,0,2012-05-18
5,0,2012-06-01
5,0,2012-06-15
5,0,2012-06-29
5,5,2012-07-13
5,22,2012-07-27
5,41,2012-08-10
5,29,2012-08-24
5,17,2012-09-07
5,22,2012-09-21
5,10,2012-10-05
5,0,2012-10-19
5,0,2012-11-02
5,0,2012-11-16
5,0,2012-11-30
5,1,2012-12-14
5,13,2012-12-28
5,12,2013-01-11
5,2,2013-01-25
5,2,2013-02-08
5,0,2013-02-22
5,0,2013-03-08
5,0,2013-03-22
5,0,2013-04-05
5,6,2013-04-19
5,6,2013-05-03
5,0,2013-05-17
5,0,2013-05-31
5,15,2013-06-14
5,15,2013-06-28
5,0,2013-07-12
5,0,2013-07-26
5,0,2013-08-09
5,0,2013-08-23
5,9,2013-09-06
5,29,2013-09-20
5,67,2013-10-04
5,62,2013-10-18
5,24,2013-11-01
5,23,2013-11-15
5,27,2013-11-29
5,27,2013-12-13
5,17,2013-12-27
5,17,2014-01-10
5,22,2014-01-24
5,8,2014-02-07
5,6,2014-02-21
5,6,2014-03-07
5,3,2014-03-21
5,7,2014-04-04
5,4,2014-04-18
5,13,2014-05-02
5,13,2014-05-16
5,0,2014-05-30
5,0,2014-06-13
5,0,2014-06-27
5,0,2014-07-11
5,0,2014-07-25
5,0,2014-08-08
5,0,2014-08-22
5,0,2014-09-05
5,0,2014-09-19
6,9,2010-03-12
6,13,2010-03-26
6,4,2010-04-09
6,11,2010-04-23
6,15,2010-05-07
6,4,2010-05-21
6,0,2010-06-04
6,8,2010-06-18
6,14,2010-07-02
6,18,2010-07-16
6,15,2010-07-30
6,10,2010-08-13
6,43,2010-08-27
6,52,2010-09-10
6,16,2010-09-24
6,0,2010-10-08
6,0,2010-10-22
6,0,2010-11-05
6,0,2010-11-19
6,0,2010-12-03
6,0,2010-12-17
6,0,2010-12-31
6,0,2011-01-14
6,0,2011-01-28
6,0,2011-02-11
6,0,2011-02-25
6,0,2011-03-11
6,0,2011-03-25
6,0,2011-04-08
6,0,2011-04-22
6,0,2011-05-06
6,0,2011-05-20
6,0,2011-06-03
6,0,2011-06-17
6,0,2011-07-01
6,0,2011-07-15
6,0,2011-07-29
6,0,2011-08-12
6,0,2011-08-26
6,0,2011-09-09
6,0,2011-09-23
6,0,2011-10-07
6,0,2011-10-21
6,0,2011-11-04
6,0,2011-11-18
6,0,2011-12-02
6,0,2011-12-16
6,0,2011-12-30
6,0,2012-01-13
6,0,2012-01-27
6,0,2012-02-10
6,0,2012-02-24
6,0,2012-03-09
6,0,2012-03-23
6,0,2012-04-06
6,0,2012-04-20
6,0,2012-05-04
6,0,2012-05-18
6,0,2012-06-01
6,0,2012-06-15
6,0,2012-06-29
6,0,2012-07-13
6,0,2012-07-27
6,0,2012-08-10
6,0,2012-08-24
6,0,2012-09-07
6,0,2012-09-21
6,0,2012-10-05
6,0,2012-10-19
6,0,2012-11-02
6,0,2012-11-16
6,0,2012-11-30
6,0,2012-12-14
6,0,2012-12-28
6,0,2013-01-11
6,0,2013-01-25
6,0,2013-02-08
6,0,2013-02-22
6,0,2013-03-08
6,0,2013-03-22
6,0,2013-04-05
6,0,2013-04-19
6,0,2013-05-03
6,0,2013-05-17
6,0,2013-05-31
6,0,2013-06-14
6,0,2013-06-28
6,0,2013-07-12
6,0,2013-07-26
6,0,2013-08-09
6,0,2013-08-23
6,0,2013-09-06
6,0,2013-09-20
6,0,2013-10-04
6,0,2013-10-18
6,0,2013-11-01
6,0,2013-11-15
6,0,2013-11-29
6,0,2013-12-13
6,0,2013-12-27
6,0,2014-01-10
6,0,2014-01-24
6,0,2014-02-07
6,0,2014-02-21
6,0,2014-03-07
6,0,2014-03-21
6,0,2014-04-04
6,0,2014-04-18
6,0,2014-05-02
6,0,2014-05-16
6,0,2014-05-30
6,0,2014-06-13
6,0,2014-06-27
6,0,2014-07-11
6,0,2014-07-25
6,0,2014-08-08
6,0,2014-08-22
6,0,2014-09-05
6,0,2014-09-19
7,13,2010-03-12
7,49,2010-03-26
7,60,2010-04-09
7,37,2010-04-23
7,29,2010-05-07
7,56,2010-05-21
7,78,2010-06-04
7,79,2010-06-18
7,55,2010-07-02
7,31,2010-07-16
7,50,2010-07-30
7,66,2010-08-13
7,75,2010-08-27
7,77,2010-09-10
7,61,2010-09-24
7,36,2010-10-08
7,32,2010-10-22
7,35,2010-11-05
7,49,2010-11-19
7,59,2010-12-03
7,65,2010-12-17
7,85,2010-12-31
7,54,2011-01-14
7,31,2011-01-28
7,41,2011-02-11
7,22,2011-02-25
7,1,2011-03-11
7,10,2011-03-25
7,44,2011-04-08
7,68,2011-04-22
7,53,2011-05-06
7,45,2011-05-20
7,41,2011-06-03
7,36,2011-06-17
7,32,2011-07-01
7,31,2011-07-15
7,41,2011-07-29
7,36,2011-08-12
7,30,2011-08-26
7,42,2011-09-09
7,47,2011-09-23
7,34,2011-10-07
7,31,2011-10-21
7,39,2011-11-04
7,40,2011-11-18
7,35,2011-12-02
7,35,2011-12-16
7,39,2011-12-30
7,41,2012-01-13
7,35,2012-01-27
7,37,2012-02-10
7,43,2012-02-24
7,40,2012-03-09
7,42,2012-03-23
7,44,2012-04-06
7,34,2012-04-20
7,25,2012-05-04
7,17,2012-05-18
7,21,2012-06-01
7,40,2012-06-15
7,53,2012-06-29
7,56,2012-07-13
7,43,2012-07-27
7,40,2012-08-10
7,39,2012-08-24
7,29,2012-09-07
7,36,2012-09-21
7,29,2012-10-05
7,22,2012-10-19
7,19,2012-11-02
7,11,2012-11-16
7,22,2012-11-30
7,36,2012-12-14
7,49,2012-12-28
7,37,2013-01-11
7,31,2013-01-25
7,31,2013-02-08
7,11,2013-02-22
7,2,2013-03-08
7,7,2013-03-22
7,22,2013-04-05
7,17,2013-04-19
7,13,2013-05-03
7,30,2013-05-17
7,48,2013-05-31
7,49,2013-06-14
7,29,2013-06-28
7,28,2013-07-12
7,32,2013-07-26
7,21,2013-08-09
7,32,2013-08-23
7,56,2013-09-06
7,90,2013-09-20
7,86,2013-10-04
7,71,2013-10-18
7,65,2013-11-01
7,55,2013-11-15
7,33,2013-11-29
7,32,2013-12-13
7,79,2013-12-27
7,68,2014-01-10
7,42,2014-01-24
7,67,2014-02-07
7,63,2014-02-21
7,46,2014-03-07
7,66,2014-03-21
7,49,2014-04-04
7,40,2014-04-18
7,32,2014-05-02
7,37,2014-05-16
7,33,2014-05-30
7,0,2014-06-13
7,0,2014-06-27
7,0,2014-07-11
7,0,2014-07-25
7,0,2014-08-08
7,0,2014-08-22
7,0,2014-09-05
7,18,2014-09-19
8,6,2010-03-12
8,13,2010-03-26
8,10,2010-04-09
8,18,2010-04-23
8,22,2010-05-07
8,13,2010-05-21
8,8,2010-06-04
8,14,2010-06-18
8,12,2010-07-02
8,11,2010-07-16
8,13,2010-07-30
8,8,2010-08-13
8,32,2010-08-27
8,37,2010-09-10
8,11,2010-09-24
8,1,2010-10-08
8,1,2010-10-22
8,0,2010-11-05
8,8,2010-11-19
8,8,2010-12-03
8,1,2010-12-17
8,7,2010-12-31
8,7,2011-01-14
8,6,2011-01-28
8,8,2011-02-11
8,3,2011-02-25
8,0,2011-03-11
8,4,2011-03-25
8,10,2011-04-08
8,6,2011-04-22
8,3,2011-05-06
8,3,2011-05-20
8,0,2011-06-03
8,0,2011-06-17
8,0,2011-07-01
8,0,2011-07-15
8,0,2011-07-29
8,0,2011-08-12
8,0,2011-08-26
8,0,2011-09-09
8,0,2011-09-23
8,0,2011-10-07
8,0,2011-10-21
8,0,2011-11-04
8,0,2011-11-18
8,0,2011-12-02
8,0,2011-12-16
8,0,2011-12-30
8,0,2012-01-13
8,0,2012-01-27
8,0,2012-02-10
8,0,2012-02-24
8,0,2012-03-09
8,0,2012-03-23
8,0,2012-04-06
8,0,2012-04-20
8,0,2012-05-04
8,0,2012-05-18
8,0,2012-06-01
8,0,2012-06-15
8,0,2012-06-29
8,0,2012-07-13
8,0,2012-07-27
8,0,2012-08-10
8,0,2012-08-24
8,0,2012-09-07
8,0,2012-09-21
8,0,2012-10-05
8,0,2012-10-19
8,0,2012-11-02
8,0,2012-11-16
8,0,2012-11-30
8,0,2012-12-14
8,0,2012-12-28
8,0,2013-01-11
8,0,2013-01-25
8,0,2013-02-08
8,0,2013-02-22
8,0,2013-03-08
8,0,2013-03-22
8,0,2013-04-05
8,0,2013-04-19
8,0,2013-05-03
8,0,2013-05-17
8,0,2013-05-31
8,0,2013-06-14
8,0,2013-06-28
8,0,2013-07-12
8,0,2013-07-26
8,0,2013-08-09
8,0,2013-08-23
8,0,2013-09-06
8,0,2013-09-20
8,0,2013-10-04
8,0,2013-10-18
8,0,2013-11-01
8,0,2013-11-15
8,0,2013-11-29
8,0,2013-12-13
8,0,2013-12-27
8,0,2014-01-10
8,0,2014-01-24
8,0,2014-02-07
8,0,2014-02-21
8,0,2014-03-07
8,0,2014-03-21
8,0,2014-04-04
8,0,2014-04-18
8,0,2014-05-02
8,0,2014-05-16
8,0,2014-05-30
8,0,2014-06-13
8,0,2014-06-27
8,0,2014-07-11
8,0,2014-07-25
8,0,2014-08-08
8,0,2014-08-22
8,0,2014-09-05
8,0,2014-09-19
9,15,2010-03-12
9,19,2010-03-26
9,22,2010-04-09
9,41,2010-04-23
9,33,2010-05-07
9,17,2010-05-21
9,10,2010-06-04
9,31,2010-06-18
9,74,2010-07-02
9,55,2010-07-16
9,16,2010-07-30
9,56,2010-08-13
9,53,2010-08-27
9,10,2010-09-10
9,32,2010-09-24
9,32,2010-10-08
9,13,2010-10-22
9,20,2010-11-05
9,58,2010-11-19
9,86,2010-12-03
9,71,2010-12-17
9,76,2010-12-31
9,64,2011-01-14
9,18,2011-01-28
9,0,2011-02-11
9,0,2011-02-25
9,0,2011-03-11
9,1,2011-03-25
9,3,2011-04-08
9,2,2011-04-22
9,3,2011-05-06
9,11,2011-05-20
9,9,2011-06-03
9,1,2011-06-17
9,0,2011-07-01
9,0,2011-07-15
9,0,2011-07-29
9,0,2011-08-12
9,9,2011-08-26
9,30,2011-09-09
9,70,2011-09-23
9,81,2011-10-07
9,35,2011-10-21
9,10,2011-11-04
9,7,2011-11-18
9,2,2011-12-02
9,10,2011-12-16
9,29,2011-12-30
9,21,2012-01-13
9,0,2012-01-27
9,2,2012-02-10
9,2,2012-02-24
9,0,2012-03-09
9,2,2012-03-23
9,2,2012-04-06
9,1,2012-04-20
9,1,2012-05-04
9,4,2012-05-18
9,8,2012-06-01
9,9,2012-06-15
9,34,2012-06-29
9,31,2012-07-13
9,23,2012-07-27
9,23,2012-08-10
9,8,2012-08-24
9,59,2012-09-07
9,54,2012-09-21
9,1,2012-10-05
9,0,2012-10-19
9,0,2012-11-02
9,0,2012-11-16
9,0,2012-11-30
9,1,2012-12-14
9,1,2012-12-28
9,0,2013-01-11
9,0,2013-01-25
9,2,2013-02-08
9,3,2013-02-22
9,1,2013-03-08
9,0,2013-03-22
9,0,2013-04-05
9,1,2013-04-19
9,2,2013-05-03
9,1,2013-05-17
9,2,2013-05-31
9,2,2013-06-14
9,0,2013-06-28
9,0,2013-07-12
9,0,2013-07-26
9,0,2013-08-09
9,0,2013-08-23
9,4,2013-09-06
9,6,2013-09-20
9,2,2013-10-04
9,0,2013-10-18
9,0,2013-11-01
9,0,2013-11-15
9,0,2013-11-29
9,0,2013-12-13
9,1,2013-12-27
9,1,2014-01-10
9,0,2014-01-24
9,0,2014-02-07
9,0,2014-02-21
9,0,2014-03-07
9,1,2014-03-21
9,1,2014-04-04
9,0,2014-04-18
9,0,2014-05-02
9,1,2014-05-16
9,1,2014-05-30
9,0,2014-06-13
9,0,2014-06-27
9,0,2014-07-11
9,0,2014-07-25
9,0,2014-08-08
9,0,2014-08-22
9,0,2014-09-05
9,0,2014-09-19
11,11,2010-03-12
11,17,2010-03-26
11,8,2010-04-09
11,2,2010-04-23
11,0,2010-05-07
11,1,2010-05-21
11,17,2010-06-04
11,16,2010-06-18
11,0,2010-07-02
11,0,2010-07-16
11,0,2010-07-30
11,3,2010-08-13
11,10,2010-08-27
11,8,2010-09-10
11,1,2010-09-24
11,0,2010-10-08
11,4,2010-10-22
11,8,2010-11-05
11,5,2010-11-19
11,1,2010-12-03
11,2,2010-12-17
11,2,2010-12-31
11,0,2011-01-14
11,2,2011-01-28
11,8,2011-02-11
11,6,2011-02-25
11,0,2011-03-11
11,0,2011-03-25
11,0,2011-04-08
11,0,2011-04-22
11,0,2011-05-06
11,0,2011-05-20
11,0,2011-06-03
11,0,2011-06-17
11,0,2011-07-01
11,0,2011-07-15
11,0,2011-07-29
11,0,2011-08-12
11,2,2011-08-26
11,28,2011-09-09
11,26,2011-09-23
11,3,2011-10-07
11,17,2011-10-21
11,14,2011-11-04
11,0,2011-11-18
11,0,2011-12-02
11,5,2011-12-16
11,15,2011-12-30
11,10,2012-01-13
11,2,2012-01-27
11,14,2012-02-10
11,12,2012-02-24
11,0,2012-03-09
11,4,2012-03-23
11,14,2012-04-06
11,10,2012-04-20
11,0,2012-05-04
11,5,2012-05-18
11,5,2012-06-01
11,1,2012-06-15
11,7,2012-06-29
11,6,2012-07-13
11,31,2012-07-27
11,71,2012-08-10
11,40,2012-08-24
11,0,2012-09-07
11,0,2012-09-21
11,0,2012-10-05
11,0,2012-10-19
11,0,2012-11-02
11,0,2012-11-16
11,0,2012-11-30
11,0,2012-12-14
11,14,2012-12-28
11,14,2013-01-11
11,0,2013-01-25
11,0,2013-02-08
11,0,2013-02-22
11,0,2013-03-08
11,0,2013-03-22
11,0,2013-04-05
11,0,2013-04-19
11,0,2013-05-03
11,0,2013-05-17
11,0,2013-05-31
11,0,2013-06-14
11,0,2013-06-28
11,0,2013-07-12
11,54,2013-07-26
11,54,2013-08-09
11,0,2013-08-23
11,11,2013-09-06
11,11,2013-09-20
11,0,2013-10-04
11,0,2013-10-18
11,3,2013-11-01
11,3,2013-11-15
11,0,2013-11-29
11,0,2013-12-13
11,16,2013-12-27
11,16,2014-01-10
11,0,2014-01-24
11,0,2014-02-07
11,0,2014-02-21
11,0,2014-03-07
11,14,2014-03-21
11,27,2014-04-04
11,13,2014-04-18
11,0,2014-05-02
11,15,2014-05-16
11,15,2014-05-30
11,0,2014-06-13
11,0,2014-06-27
11,0,2014-07-11
11,0,2014-07-25
11,0,2014-08-08
11,0,2014-08-22
11,0,2014-09-05
11,0,2014-09-19
12,1,2010-03-12
12,4,2010-03-26
12,9,2010-04-09
12,6,2010-04-23
12,0,2010-05-07
12,0,2010-05-21
12,0,2010-06-04
12,4,2010-06-18
12,12,2010-07-02
12,8,2010-07-16
12,7,2010-07-30
12,21,2010-08-13
12,19,2010-08-27
12,15,2010-09-10
12,10,2010-09-24
12,0,2010-10-08
12,0,2010-10-22
12,0,2010-11-05
12,0,2010-11-19
12,0,2010-12-03
12,0,2010-12-17
12,0,2010-12-31
12,0,2011-01-14
12,0,2011-01-28
12,0,2011-02-11
12,0,2011-02-25
12,0,2011-03-11
12,0,2011-03-25
12,0,2011-04-08
12,0,2011-04-22
12,0,2011-05-06
12,0,2011-05-20
12,0,2011-06-03
12,0,2011-06-17
12,0,2011-07-01
12,2,2011-07-15
12,2,2011-07-29
12,0,2011-08-12
12,0,2011-08-26
12,0,2011-09-09
12,0,2011-09-23
12,0,2011-10-07
12,0,2011-10-21
12,0,2011-11-04
12,0,2011-11-18
12,0,2011-12-02
12,0,2011-12-16
12,0,2011-12-30
12,0,2012-01-13
12,0,2012-01-27
12,0,2012-02-10
12,0,2012-02-24
12,0,2012-03-09
12,0,2012-03-23
12,0,2012-04-06
12,0,2012-04-20
12,0,2012-05-04
12,0,2012-05-18
12,0,2012-06-01
12,0,2012-06-15
12,0,2012-06-29
12,0,2012-07-13
12,0,2012-07-27
12,0,2012-08-10
12,0,2012-08-24
12,0,2012-09-07
12,0,2012-09-21
12,0,2012-10-05
12,0,2012-10-19
12,0,2012-11-02
12,0,2012-11-16
12,0,2012-11-30
12,0,2012-12-14
12,0,2012-12-28
12,0,2013-01-11
12,0,2013-01-25
12,0,2013-02-08
12,0,2013-02-22
12,0,2013-03-08
12,0,2013-03-22
12,0,2013-04-05
12,0,2013-04-19
12,0,2013-05-03
12,0,2013-05-17
12,0,2013-05-31
12,0,2013-06-14
12,0,2013-06-28
12,0,2013-07-12
12,0,2013-07-26
12,0,2013-08-09
12,0,2013-08-23
12,0,2013-09-06
12,0,2013-09-20
12,0,2013-10-04
12,0,2013-10-18
12,0,2013-11-01
12,0,2013-11-15
12,0,2013-11-29
12,0,2013-12-13
12,0,2013-12-27
12,0,2014-01-10
12,0,2014-01-24
12,0,2014-02-07
12,0,2014-02-21
12,0,2014-03-07
12,0,2014-03-21
12,0,2014-04-04
12,0,2014-04-18
12,0,2014-05-02
12,0,2014-05-16
12,0,2014-05-30
12,0,2014-06-13
12,0,2014-06-27
12,0,2014-07-11
12,0,2014-07-25
12,0,2014-08-08
12,0,2014-08-22
12,0,2014-09-05
12,0,2014-09-19
13,0,2010-03-12
13,1,2010-03-26
13,1,2010-04-09
13,0,2010-04-23
13,0,2010-05-07
13,0,2010-05-21
13,0,2010-06-04
13,1,2010-06-18
13,8,2010-07-02
13,8,2010-07-16
13,2,2010-07-30
13,3,2010-08-13
13,7,2010-08-27
13,6,2010-09-10
13,10,2010-09-24
13,9,2010-10-08
13,0,2010-10-22
13,0,2010-11-05
13,7,2010-11-19
13,7,2010-12-03
13,9,2010-12-17
13,12,2010-12-31
13,3,2011-01-14
13,1,2011-01-28
13,1,2011-02-11
13,0,2011-02-25
13,0,2011-03-11
13,8,2011-03-25
13,18,2011-04-08
13,28,2011-04-22
13,18,2011-05-06
13,0,2011-05-20
13,1,2011-06-03
13,1,2011-06-17
13,22,2011-07-01
13,25,2011-07-15
13,6,2011-07-29
13,3,2011-08-12
13,0,2011-08-26
13,2,2011-09-09
13,2,2011-09-23
13,0,2011-10-07
13,0,2011-10-21
13,0,2011-11-04
13,0,2011-11-18
13,0,2011-12-02
13,0,2011-12-16
13,0,2011-12-30
13,0,2012-01-13
13,0,2012-01-27
13,0,2012-02-10
13,0,2012-02-24
13,0,2012-03-09
13,0,2012-03-23
13,0,2012-04-06
13,0,2012-04-20
13,0,2012-05-04
13,0,2012-05-18
13,0,2012-06-01
13,0,2012-06-15
13,0,2012-06-29
13,0,2012-07-13
13,0,2012-07-27
13,0,2012-08-10
13,0,2012-08-24
13,0,2012-09-07
13,0,2012-09-21
13,0,2012-10-05
13,0,2012-10-19
13,0,2012-11-02
13,0,2012-11-16
13,0,2012-11-30
13,0,2012-12-14
13,0,2012-12-28
13,0,2013-01-11
13,0,2013-01-25
13,0,2013-02-08
13,0,2013-02-22
13,0,2013-03-08
13,0,2013-03-22
13,0,2013-04-05
13,0,2013-04-19
13,0,2013-05-03
13,0,2013-05-17
13,0,2013-05-31
13,0,2013-06-14
13,0,2013-06-28
13,0,2013-07-12
13,0,2013-07-26
13,0,2013-08-09
13,0,2013-08-23
13,0,2013-09-06
13,0,2013-09-20
13,0,2013-10-04
13,0,2013-10-18
13,0,2013-11-01
13,0,2013-11-15
13,0,2013-11-29
13,0,2013-12-13
13,0,2013-12-27
13,0,2014-01-10
13,0,2014-01-24
13,0,2014-02-07
13,0,2014-02-21
13,0,2014-03-07
13,0,2014-03-21
13,0,2014-04-04
13,0,2014-04-18
13,0,2014-05-02
13,0,2014-05-16
13,0,2014-05-30
13,0,2014-06-13
13,0,2014-06-27
13,0,2014-07-11
13,0,2014-07-25
13,0,2014-08-08
13,0,2014-08-22
13,0,2014-09-05
13,0,2014-09-19
14,0,2010-03-12
14,0,2010-03-26
14,6,2010-04-09
14,6,2010-04-23
14,0,2010-05-07
14,0,2010-05-21
14,1,2010-06-04
14,5,2010-06-18
14,7,2010-07-02
14,4,2010-07-16
14,1,2010-07-30
14,0,2010-08-13
14,1,2010-08-27
14,4,2010-09-10
14,3,2010-09-24
14,0,2010-10-08
14,0,2010-10-22
14,0,2010-11-05
14,0,2010-11-19
14,0,2010-12-03
14,4,2010-12-17
14,4,2010-12-31
14,0,2011-01-14
14,0,2011-01-28
14,0,2011-02-11
14,0,2011-02-25
14,0,2011-03-11
14,0,2011-03-25
14,0,2011-04-08
14,0,2011-04-22
14,0,2011-05-06
14,0,2011-05-20
14,0,2011-06-03
14,0,2011-06-17
14,21,2011-07-01
14,21,2011-07-15
14,1,2011-07-29
14,1,2011-08-12
14,6,2011-08-26
14,6,2011-09-09
14,0,2011-09-23
14,0,2011-10-07
14,0,2011-10-21
14,0,2011-11-04
14,0,2011-11-18
14,0,2011-12-02
14,0,2011-12-16
14,0,2011-12-30
14,0,2012-01-13
14,0,2012-01-27
14,0,2012-02-10
14,0,2012-02-24
14,0,2012-03-09
14,0,2012-03-23
14,0,2012-04-06
14,0,2012-04-20
14,0,2012-05-04
14,0,2012-05-18
14,0,2012-06-01
14,0,2012-06-15
14,0,2012-06-29
14,0,2012-07-13
14,0,2012-07-27
14,0,2012-08-10
14,0,2012-08-24
14,0,2012-09-07
14,0,2012-09-21
14,0,2012-10-05
14,0,2012-10-19
14,0,2012-11-02
14,0,2012-11-16
14,0,2012-11-30
14,0,2012-12-14
14,0,2012-12-28
14,0,2013-01-11
14,0,2013-01-25
14,0,2013-02-08
14,0,2013-02-22
14,0,2013-03-08
14,0,2013-03-22
14,0,2013-04-05
14,0,2013-04-19
14,0,2013-05-03
14,0,2013-05-17
14,0,2013-05-31
14,0,2013-06-14
14,0,2013-06-28
14,0,2013-07-12
14,0,2013-07-26
14,0,2013-08-09
14,0,2013-08-23
14,0,2013-09-06
14,0,2013-09-20
14,0,2013-10-04
14,0,2013-10-18
14,0,2013-11-01
14,0,2013-11-15
14,0,2013-11-29
14,0,2013-12-13
14,0,2013-12-27
14,0,2014-01-10
14,0,2014-01-24
14,0,2014-02-07
14,0,2014-02-21
14,0,2014-03-07
14,0,2014-03-21
14,0,2014-04-04
14,0,2014-04-18
14,0,2014-05-02
14,0,2014-05-16
14,0,2014-05-30
14,0,2014-06-13
14,0,2014-06-27
14,0,2014-07-11
14,0,2014-07-25
14,0,2014-08-08
14,0,2014-08-22
14,0,2014-09-05
14,0,2014-09-19
18,0,2010-03-12
18,4,2010-03-26
18,4,2010-04-09
18,2,2010-04-23
18,7,2010-05-07
18,6,2010-05-21
18,5,2010-06-04
18,6,2010-06-18
18,4,2010-07-02
18,2,2010-07-16
18,7,2010-07-30
18,11,2010-08-13
18,4,2010-08-27
18,6,2010-09-10
18,9,2010-09-24
18,3,2010-10-08
18,0,2010-10-22
18,0,2010-11-05
18,12,2010-11-19
18,26,2010-12-03
18,14,2010-12-17
18,7,2010-12-31
18,16,2011-01-14
18,10,2011-01-28
18,1,2011-02-11
18,0,2011-02-25
18,0,2011-03-11
18,3,2011-03-25
18,7,2011-04-08
18,4,2011-04-22
18,0,2011-05-06
18,5,2011-05-20
18,7,2011-06-03
18,2,2011-06-17
18,1,2011-07-01
18,4,2011-07-15
18,8,2011-07-29
18,5,2011-08-12
18,0,2011-08-26
18,3,2011-09-09
18,7,2011-09-23
18,4,2011-10-07
18,0,2011-10-21
18,1,2011-11-04
18,1,2011-11-18
18,0,2011-12-02
18,0,2011-12-16
18,1,2011-12-30
18,1,2012-01-13
18,0,2012-01-27
18,2,2012-02-10
18,2,2012-02-24
18,5,2012-03-09
18,11,2012-03-23
18,6,2012-04-06
18,5,2012-04-20
18,5,2012-05-04
18,0,2012-05-18
18,0,2012-06-01
18,10,2012-06-15
18,14,2012-06-29
18,33,2012-07-13
18,29,2012-07-27
18,2,2012-08-10
18,5,2012-08-24
18,3,2012-09-07
18,0,2012-09-21
18,0,2012-10-05
18,0,2012-10-19
18,1,2012-11-02
18,1,2012-11-16
18,0,2012-11-30
18,0,2012-12-14
18,2,2012-12-28
18,2,2013-01-11
18,4,2013-01-25
18,4,2013-02-08
18,1,2013-02-22
18,1,2013-03-08
18,2,2013-03-22
18,2,2013-04-05
18,0,2013-04-19
18,0,2013-05-03
18,0,2013-05-17
18,0,2013-05-31
18,0,2013-06-14
18,1,2013-06-28
18,1,2013-07-12
18,0,2013-07-26
18,0,2013-08-09
18,0,2013-08-23
18,0,2013-09-06
18,0,2013-09-20
18,0,2013-10-04
18,0,2013-10-18
18,3,2013-11-01
18,3,2013-11-15
18,2,2013-11-29
18,6,2013-12-13
18,4,2013-12-27
18,0,2014-01-10
18,0,2014-01-24
18,1,2014-02-07
18,1,2014-02-21
18,0,2014-03-07
18,0,2014-03-21
18,0,2014-04-04
18,1,2014-04-18
18,1,2014-05-02
18,0,2014-05-16
18,0,2014-05-30
18,0,2014-06-13
18,0,2014-06-27
18,0,2014-07-11
18,0,2014-07-25
18,0,2014-08-08
18,0,2014-08-22
18,0,2014-09-05
18,0,2014-09-19
20,0,2010-03-12
20,3,2010-03-26
20,13,2010-04-09
20,16,2010-04-23
20,6,2010-05-07
20,0,2010-05-21
20,0,2010-06-04
20,0,2010-06-18
20,11,2010-07-02
20,11,2010-07-16
20,0,2010-07-30
20,0,2010-08-13
20,11,2010-08-27
20,13,2010-09-10
20,2,2010-09-24
20,0,2010-10-08
20,0,2010-10-22
20,0,2010-11-05
20,0,2010-11-19
20,0,2010-12-03
20,0,2010-12-17
20,0,2010-12-31
20,0,2011-01-14
20,1,2011-01-28
20,1,2011-02-11
20,0,2011-02-25
20,0,2011-03-11
20,6,2011-03-25
20,10,2011-04-08
20,5,2011-04-22
20,3,2011-05-06
20,27,2011-05-20
20,25,2011-06-03
20,3,2011-06-17
20,3,2011-07-01
20,0,2011-07-15
20,3,2011-07-29
20,3,2011-08-12
20,10,2011-08-26
20,17,2011-09-09
20,7,2011-09-23
20,0,2011-10-07
20,0,2011-10-21
20,4,2011-11-04
20,4,2011-11-18
20,0,2011-12-02
20,4,2011-12-16
20,5,2011-12-30
20,1,2012-01-13
20,0,2012-01-27
20,0,2012-02-10
20,0,2012-02-24
20,0,2012-03-09
20,2,2012-03-23
20,2,2012-04-06
20,0,2012-04-20
20,0,2012-05-04
20,0,2012-05-18
20,0,2012-06-01
20,0,2012-06-15
20,0,2012-06-29
20,0,2012-07-13
20,0,2012-07-27
20,3,2012-08-10
20,3,2012-08-24
20,0,2012-09-07
20,0,2012-09-21
20,0,2012-10-05
20,0,2012-10-19
20,0,2012-11-02
20,0,2012-11-16
20,0,2012-11-30
20,0,2012-12-14
20,0,2012-12-28
20,0,2013-01-11
20,0,2013-01-25
20,0,2013-02-08
20,0,2013-02-22
20,0,2013-03-08
20,0,2013-03-22
20,0,2013-04-05
20,0,2013-04-19
20,0,2013-05-03
20,0,2013-05-17
20,0,2013-05-31
20,0,2013-06-14
20,0,2013-06-28
20,0,2013-07-12
20,0,2013-07-26
20,0,2013-08-09
20,0,2013-08-23
20,0,2013-09-06
20,0,2013-09-20
20,0,2013-10-04
20,0,2013-10-18
20,0,2013-11-01
20,0,2013-11-15
20,0,2013-11-29
20,0,2013-12-13
20,6,2013-12-27
20,6,2014-01-10
20,0,2014-01-24
20,0,2014-02-07
20,0,2014-02-21
20,0,2014-03-07
20,0,2014-03-21
20,0,2014-04-04
20,0,2014-04-18
20,0,2014-05-02
20,0,2014-05-16
20,0,2014-05-30
20,0,2014-06-13
20,0,2014-06-27
20,0,2014-07-11
20,0,2014-07-25
20,0,2014-08-08
20,0,2014-08-22
20,0,2014-09-05
20,0,2014-09-19
34,0,2010-03-12
34,0,2010-03-26
34,0,2010-04-09
34,0,2010-04-23
34,0,2010-05-07
34,0,2010-05-21
34,8,2010-06-04
34,8,2010-06-18
34,0,2010-07-02
34,0,2010-07-16
34,0,2010-07-30
34,1,2010-08-13
34,2,2010-08-27
34,1,2010-09-10
34,0,2010-09-24
34,0,2010-10-08
34,1,2010-10-22
34,1,2010-11-05
34,9,2010-11-19
34,9,2010-12-03
34,0,2010-12-17
34,0,2010-12-31
34,0,2011-01-14
34,1,2011-01-28
34,2,2011-02-11
34,1,2011-02-25
34,0,2011-03-11
34,0,2011-03-25
34,4,2011-04-08
34,7,2011-04-22
34,3,2011-05-06
34,2,2011-05-20
34,8,2011-06-03
34,6,2011-06-17
34,0,2011-07-01
34,0,2011-07-15
34,1,2011-07-29
34,4,2011-08-12
34,3,2011-08-26
34,0,2011-09-09
34,3,2011-09-23
34,6,2011-10-07
34,3,2011-10-21
34,0,2011-11-04
34,0,2011-11-18
34,0,2011-12-02
34,3,2011-12-16
34,8,2011-12-30
34,6,2012-01-13
34,2,2012-01-27
34,1,2012-02-10
34,0,2012-02-24
34,0,2012-03-09
34,2,2012-03-23
34,2,2012-04-06
34,4,2012-04-20
34,9,2012-05-04
34,9,2012-05-18
34,4,2012-06-01
34,0,2012-06-15
34,0,2012-06-29
34,0,2012-07-13
34,0,2012-07-27
34,0,2012-08-10
34,5,2012-08-24
34,5,2012-09-07
34,4,2012-09-21
34,4,2012-10-05
34,1,2012-10-19
34,1,2012-11-02
34,0,2012-11-16
34,2,2012-11-30
34,16,2012-12-14
34,14,2012-12-28
34,2,2013-01-11
34,3,2013-01-25
34,1,2013-02-08
34,2,2013-02-22
34,2,2013-03-08
34,0,2013-03-22
34,0,2013-04-05
34,0,2013-04-19
34,0,2013-05-03
34,0,2013-05-17
34,0,2013-05-31
34,0,2013-06-14
34,0,2013-06-28
34,13,2013-07-12
34,13,2013-07-26
34,0,2013-08-09
34,0,2013-08-23
34,1,2013-09-06
34,1,2013-09-20
34,0,2013-10-04
34,0,2013-10-18
34,2,2013-11-01
34,2,2013-11-15
34,0,2013-11-29
34,1,2013-12-13
34,3,2013-12-27
34,2,2014-01-10
34,0,2014-01-24
34,0,2014-02-07
34,0,2014-02-21
34,0,2014-03-07
34,0,2014-03-21
34,0,2014-04-04
34,0,2014-04-18
34,0,2014-05-02
34,0,2014-05-16
34,0,2014-05-30
34,0,2014-06-13
34,0,2014-06-27
34,0,2014-07-11
34,0,2014-07-25
34,0,2014-08-08
34,0,2014-08-22
34,0,2014-09-05
34,3,2014-09-19
45,0,2010-03-12
45,0,2010-03-26
45,0,2010-04-09
45,0,2010-04-23
45,0,2010-05-07
45,0,2010-05-21
45,0,2010-06-04
45,0,2010-06-18
45,0,2010-07-02
45,0,2010-07-16
45,0,2010-07-30
45,0,2010-08-13
45,17,2010-08-27
45,20,2010-09-10
45,3,2010-09-24
45,0,2010-10-08
45,0,2010-10-22
45,0,2010-11-05
45,0,2010-11-19
45,0,2010-12-03
45,0,2010-12-17
45,0,2010-12-31
45,0,2011-01-14
45,0,2011-01-28
45,0,2011-02-11
45,0,2011-02-25
45,0,2011-03-11
45,0,2011-03-25
45,0,2011-04-08
45,11,2011-04-22
45,11,2011-05-06
45,0,2011-05-20
45,0,2011-06-03
45,0,2011-06-17
45,0,2011-07-01
45,0,2011-07-15
45,0,2011-07-29
45,0,2011-08-12
45,0,2011-08-26
45,0,2011-09-09
45,0,2011-09-23
45,0,2011-10-07
45,0,2011-10-21
45,0,2011-11-04
45,0,2011-11-18
45,0,2011-12-02
45,0,2011-12-16
45,0,2011-12-30
45,0,2012-01-13
45,0,2012-01-27
45,0,2012-02-10
45,0,2012-02-24
45,0,2012-03-09
45,0,2012-03-23
45,5,2012-04-06
45,7,2012-04-20
45,2,2012-05-04
45,0,2012-05-18
45,8,2012-06-01
45,8,2012-06-15
45,6,2012-06-29
45,18,2012-07-13
45,12,2012-07-27
45,0,2012-08-10
45,0,2012-08-24
45,0,2012-09-07
45,0,2012-09-21
45,0,2012-10-05
45,0,2012-10-19
45,0,2012-11-02
45,0,2012-11-16
45,0,2012-11-30
45,0,2012-12-14
45,0,2012-12-28
45,0,2013-01-11
45,0,2013-01-25
45,0,2013-02-08
45,0,2013-02-22
45,0,2013-03-08
45,0,2013-03-22
45,6,2013-04-05
45,6,2013-04-19
45,0,2013-05-03
45,0,2013-05-17
45,0,2013-05-31
45,0,2013-06-14
45,0,2013-06-28
45,0,2013-07-12
45,0,2013-07-26
45,0,2013-08-09
45,0,2013-08-23
45,0,2013-09-06
45,0,2013-09-20
45,0,2013-10-04
45,0,2013-10-18
45,0,2013-11-01
45,0,2013-11-15
45,0,2013-11-29
45,0,2013-12-13
45,0,2013-12-27
45,0,2014-01-10
45,0,2014-01-24
45,0,2014-02-07
45,0,2014-02-21
45,0,2014-03-07
45,0,2014-03-21
45,0,2014-04-04
45,0,2014-04-18
45,0,2014-05-02
45,8,2014-05-16
45,8,2014-05-30
45,0,2014-06-13
45,0,2014-06-27
45,0,2014-07-11
45,0,2014-07-25
45,0,2014-08-08
45,0,2014-08-22
45,0,2014-09-05
45,0,2014-09-19
58,0,2010-03-12
58,0,2010-03-26
58,0,2010-04-09
58,0,2010-04-23
58,0,2010-05-07
58,0,2010-05-21
58,0,2010-06-04
58,0,2010-06-18
58,0,2010-07-02
58,0,2010-07-16
58,0,2010-07-30
58,0,2010-08-13
58,0,2010-08-27
58,0,2010-09-10
58,0,2010-09-24
58,1,2010-10-08
58,12,2010-10-22
58,11,2010-11-05
58,11,2010-11-19
58,11,2010-12-03
58,6,2010-12-17
58,39,2010-12-31
58,33,2011-01-14
58,28,2011-01-28
58,30,2011-02-11
58,2,2011-02-25
58,0,2011-03-11
58,0,2011-03-25
58,0,2011-04-08
58,7,2011-04-22
58,12,2011-05-06
58,26,2011-05-20
58,26,2011-06-03
58,10,2011-06-17
58,21,2011-07-01
58,19,2011-07-15
58,4,2011-07-29
58,3,2011-08-12
58,4,2011-08-26
58,18,2011-09-09
58,20,2011-09-23
58,4,2011-10-07
58,0,2011-10-21
58,0,2011-11-04
58,0,2011-11-18
58,6,2011-12-02
58,23,2011-12-16
58,28,2011-12-30
58,11,2012-01-13
58,2,2012-01-27
58,2,2012-02-10
58,0,2012-02-24
58,0,2012-03-09
58,10,2012-03-23
58,14,2012-04-06
58,6,2012-04-20
58,2,2012-05-04
58,0,2012-05-18
58,16,2012-06-01
58,20,2012-06-15
58,7,2012-06-29
58,3,2012-07-13
58,0,2012-07-27
58,0,2012-08-10
58,0,2012-08-24
58,0,2012-09-07
58,0,2012-09-21
58,0,2012-10-05
58,0,2012-10-19
58,0,2012-11-02
58,0,2012-11-16
58,10,2012-11-30
58,31,2012-12-14
58,38,2012-12-28
58,17,2013-01-11
58,0,2013-01-25
58,0,2013-02-08
58,0,2013-02-22
58,0,2013-03-08
58,0,2013-03-22
58,0,2013-04-05
58,0,2013-04-19
58,0,2013-05-03
58,0,2013-05-17
58,0,2013-05-31
58,0,2013-06-14
58,0,2013-06-28
58,0,2013-07-12
58,0,2013-07-26
58,0,2013-08-09
58,7,2013-08-23
58,11,2013-09-06
58,17,2013-09-20
58,13,2013-10-04
58,0,2013-10-18
58,0,2013-11-01
58,0,2013-11-15
58,0,2013-11-29
58,0,2013-12-13
58,4,2013-12-27
58,4,2014-01-10
58,0,2014-01-24
58,0,2014-02-07
58,0,2014-02-21
58,0,2014-03-07
58,0,2014-03-21
58,0,2014-04-04
58,9,2014-04-18
58,9,2014-05-02
58,0,2014-05-16
58,0,2014-05-30
58,0,2014-06-13
58,0,2014-06-27
58,0,2014-07-11
58,0,2014-07-25
58,0,2014-08-08
58,0,2014-08-22
58,0,2014-09-05
58,7,2014-09-19
59,0,2010-03-12
59,0,2010-03-26
59,0,2010-04-09
59,0,2010-04-23
59,0,2010-05-07
59,0,2010-05-21
59,0,2010-06-04
59,0,2010-06-18
59,0,2010-07-02
59,0,2010-07-16
59,0,2010-07-30
59,0,2010-08-13
59,0,2010-08-27
59,0,2010-09-10
59,0,2010-09-24
59,0,2010-10-08
59,6,2010-10-22
59,10,2010-11-05
59,5,2010-11-19
59,1,2010-12-03
59,7,2010-12-17
59,7,2010-12-31
59,0,2011-01-14
59,3,2011-01-28
59,6,2011-02-11
59,3,2011-02-25
59,0,2011-03-11
59,0,2011-03-25
59,2,2011-04-08
59,22,2011-04-22
59,21,2011-05-06
59,21,2011-05-20
59,20,2011-06-03
59,2,2011-06-17
59,2,2011-07-01
59,0,2011-07-15
59,0,2011-07-29
59,0,2011-08-12
59,0,2011-08-26
59,4,2011-09-09
59,7,2011-09-23
59,3,2011-10-07
59,0,2011-10-21
59,0,2011-11-04
59,3,2011-11-18
59,4,2011-12-02
59,9,2011-12-16
59,10,2011-12-30
59,2,2012-01-13
59,4,2012-01-27
59,5,2012-02-10
59,1,2012-02-24
59,0,2012-03-09
59,0,2012-03-23
59,3,2012-04-06
59,3,2012-04-20
59,0,2012-05-04
59,0,2012-05-18
59,0,2012-06-01
59,0,2012-06-15
59,2,2012-06-29
59,4,2012-07-13
59,4,2012-07-27
59,4,2012-08-10
59,8,2012-08-24
59,6,2012-09-07
59,0,2012-09-21
59,0,2012-10-05
59,0,2012-10-19
59,0,2012-11-02
59,0,2012-11-16
59,0,2012-11-30
59,1,2012-12-14
59,1,2012-12-28
59,0,2013-01-11
59,0,2013-01-25
59,0,2013-02-08
59,0,2013-02-22
59,0,2013-03-08
59,0,2013-03-22
59,0,2013-04-05
59,0,2013-04-19
59,0,2013-05-03
59,0,2013-05-17
59,0,2013-05-31
59,0,2013-06-14
59,0,2013-06-28
59,0,2013-07-12
59,0,2013-07-26
59,0,2013-08-09
59,0,2013-08-23
59,10,2013-09-06
59,11,2013-09-20
59,1,2013-10-04
59,0,2013-10-18
59,2,2013-11-01
59,2,2013-11-15
59,0,2013-11-29
59,0,2013-12-13
59,0,2013-12-27
59,0,2014-01-10
59,0,2014-01-24
59,0,2014-02-07
59,0,2014-02-21
59,0,2014-03-07
59,2,2014-03-21
59,2,2014-04-04
59,0,2014-04-18
59,0,2014-05-02
59,0,2014-05-16
59,0,2014-05-30
59,0,2014-06-13
59,0,2014-06-27
59,0,2014-07-11
59,0,2014-07-25
59,0,2014-08-08
59,0,2014-08-22
59,0,2014-09-05
59,0,2014-09-19
86,0,2010-03-12
86,0,2010-03-26
86,0,2010-04-09
86,0,2010-04-23
86,0,2010-05-07
86,0,2010-05-21
86,0,2010-06-04
86,0,2010-06-18
86,0,2010-07-02
86,0,2010-07-16
86,0,2010-07-30
86,0,2010-08-13
86,0,2010-08-27
86,0,2010-09-10
86,0,2010-09-24
86,0,2010-10-08
86,0,2010-10-22
86,0,2010-11-05
86,0,2010-11-19
86,0,2010-12-03
86,0,2010-12-17
86,0,2010-12-31
86,0,2011-01-14
86,0,2011-01-28
86,0,2011-02-11
86,0,2011-02-25
86,0,2011-03-11
86,0,2011-03-25
86,0,2011-04-08
86,0,2011-04-22
86,109,2011-05-06
86,262,2011-05-20
86,239,2011-06-03
86,86,2011-06-17
86,98,2011-07-01
86,99,2011-07-15
86,1,2011-07-29
86,0,2011-08-12
86,0,2011-08-26
86,0,2011-09-09
86,0,2011-09-23
86,0,2011-10-07
86,0,2011-10-21
86,0,2011-11-04
86,0,2011-11-18
86,0,2011-12-02
86,0,2011-12-16
86,0,2011-12-30
86,0,2012-01-13
86,0,2012-01-27
86,0,2012-02-10
86,0,2012-02-24
86,0,2012-03-09
86,0,2012-03-23
86,0,2012-04-06
86,0,2012-04-20
86,0,2012-05-04
86,0,2012-05-18
86,0,2012-06-01
86,0,2012-06-15
86,0,2012-06-29
86,0,2012-07-13
86,0,2012-07-27
86,0,2012-08-10
86,0,2012-08-24
86,0,2012-09-07
86,0,2012-09-21
86,0,2012-10-05
86,0,2012-10-19
86,0,2012-11-02
86,0,2012-11-16
86,0,2012-11-30
86,0,2012-12-14
86,0,2012-12-28
86,0,2013-01-11
86,0,2013-01-25
86,0,2013-02-08
86,0,2013-02-22
86,0,2013-03-08
86,0,2013-03-22
86,0,2013-04-05
86,0,2013-04-19
86,0,2013-05-03
86,0,2013-05-17
86,0,2013-05-31
86,0,2013-06-14
86,0,2013-06-28
86,0,2013-07-12
86,0,2013-07-26
86,0,2013-08-09
86,0,2013-08-23
86,0,2013-09-06
86,0,2013-09-20
86,0,2013-10-04
86,0,2013-10-18
86,0,2013-11-01
86,0,2013-11-15
86,0,2013-11-29
86,0,2013-12-13
86,0,2013-12-27
86,0,2014-01-10
86,0,2014-01-24
86,0,2014-02-07
86,0,2014-02-21
86,0,2014-03-07
86,0,2014-03-21
86,0,2014-04-04
86,0,2014-04-18
86,0,2014-05-02
86,0,2014-05-16
86,0,2014-05-30
86,0,2014-06-13
86,0,2014-06-27
86,0,2014-07-11
86,0,2014-07-25
86,0,2014-08-08
86,0,2014-08-22
86,0,2014-09-05
86,0,2014-09-19
87,0,2010-03-12
87,0,2010-03-26
87,0,2010-04-09
87,0,2010-04-23
87,0,2010-05-07
87,0,2010-05-21
87,0,2010-06-04
87,0,2010-06-18
87,0,2010-07-02
87,0,2010-07-16
87,0,2010-07-30
87,0,2010-08-13
87,0,2010-08-27
87,0,2010-09-10
87,0,2010-09-24
87,0,2010-10-08
87,0,2010-10-22
87,0,2010-11-05
87,0,2010-11-19
87,0,2010-12-03
87,0,2010-12-17
87,0,2010-12-31
87,0,2011-01-14
87,0,2011-01-28
87,0,2011-02-11
87,0,2011-02-25
87,0,2011-03-11
87,0,2011-03-25
87,0,2011-04-08
87,0,2011-04-22
87,0,2011-05-06
87,0,2011-05-20
87,0,2011-06-03
87,0,2011-06-17
87,7,2011-07-01
87,7,2011-07-15
87,0,2011-07-29
87,0,2011-08-12
87,0,2011-08-26
87,0,2011-09-09
87,0,2011-09-23
87,0,2011-10-07
87,0,2011-10-21
87,0,2011-11-04
87,0,2011-11-18
87,0,2011-12-02
87,7,2011-12-16
87,9,2011-12-30
87,2,2012-01-13
87,1,2012-01-27
87,1,2012-02-10
87,0,2012-02-24
87,0,2012-03-09
87,7,2012-03-23
87,7,2012-04-06
87,0,2012-04-20
87,0,2012-05-04
87,0,2012-05-18
87,0,2012-06-01
87,0,2012-06-15
87,9,2012-06-29
87,17,2012-07-13
87,8,2012-07-27
87,0,2012-08-10
87,0,2012-08-24
87,0,2012-09-07
87,0,2012-09-21
87,0,2012-10-05
87,0,2012-10-19
87,0,2012-11-02
87,0,2012-11-16
87,0,2012-11-30
87,0,2012-12-14
87,0,2012-12-28
87,0,2013-01-11
87,0,2013-01-25
87,0,2013-02-08
87,0,2013-02-22
87,0,2013-03-08
87,0,2013-03-22
87,0,2013-04-05
87,0,2013-04-19
87,0,2013-05-03
87,0,2013-05-17
87,0,2013-05-31
87,0,2013-06-14
87,0,2013-06-28
87,2,2013-07-12
87,2,2013-07-26
87,0,2013-08-09
87,0,2013-08-23
87,0,2013-09-06
87,13,2013-09-20
87,13,2013-10-04
87,0,2013-10-18
87,0,2013-11-01
87,0,2013-11-15
87,0,2013-11-29
87,5,2013-12-13
87,5,2013-12-27
87,0,2014-01-10
87,0,2014-01-24
87,0,2014-02-07
87,0,2014-02-21
87,0,2014-03-07
87,1,2014-03-21
87,1,2014-04-04
87,0,2014-04-18
87,0,2014-05-02
87,0,2014-05-16
87,0,2014-05-30
87,0,2014-06-13
87,0,2014-06-27
87,0,2014-07-11
87,0,2014-07-25
87,0,2014-08-08
87,0,2014-08-22
87,0,2014-09-05
87,0,2014-09-19
88,0,2010-03-12
88,0,2010-03-26
88,0,2010-04-09
88,0,2010-04-23
88,0,2010-05-07
88,0,2010-05-21
88,0,2010-06-04
88,0,2010-06-18
88,0,2010-07-02
88,0,2010-07-16
88,0,2010-07-30
88,0,2010-08-13
88,0,2010-08-27
88,0,2010-09-10
88,0,2010-09-24
88,0,2010-10-08
88,0,2010-10-22
88,0,2010-11-05
88,0,2010-11-19
88,0,2010-12-03
88,0,2010-12-17
88,0,2010-12-31
88,0,2011-01-14
88,0,2011-01-28
88,0,2011-02-11
88,0,2011-02-25
88,0,2011-03-11
88,0,2011-03-25
88,0,2011-04-08
88,0,2011-04-22
88,1,2011-05-06
88,8,2011-05-20
88,7,2011-06-03
88,0,2011-06-17
88,0,2011-07-01
88,0,2011-07-15
88,0,2011-07-29
88,0,2011-08-12
88,7,2011-08-26
88,11,2011-09-09
88,15,2011-09-23
88,11,2011-10-07
88,0,2011-10-21
88,0,2011-11-04
88,0,2011-11-18
88,0,2011-12-02
88,13,2011-12-16
88,13,2011-12-30
88,0,2012-01-13
88,0,2012-01-27
88,0,2012-02-10
88,0,2012-02-24
88,0,2012-03-09
88,11,2012-03-23
88,11,2012-04-06
88,0,2012-04-20
88,0,2012-05-04
88,0,2012-05-18
88,0,2012-06-01
88,0,2012-06-15
88,0,2012-06-29
88,0,2012-07-13
88,0,2012-07-27
88,0,2012-08-10
88,0,2012-08-24
88,0,2012-09-07
88,0,2012-09-21
88,0,2012-10-05
88,0,2012-10-19
88,0,2012-11-02
88,0,2012-11-16
88,0,2012-11-30
88,1,2012-12-14
88,12,2012-12-28
88,11,2013-01-11
88,0,2013-01-25
88,0,2013-02-08
88,0,2013-02-22
88,0,2013-03-08
88,4,2013-03-22
88,4,2013-04-05
88,0,2013-04-19
88,0,2013-05-03
88,0,2013-05-17
88,0,2013-05-31
88,0,2013-06-14
88,0,2013-06-28
88,0,2013-07-12
88,0,2013-07-26
88,0,2013-08-09
88,0,2013-08-23
88,0,2013-09-06
88,0,2013-09-20
88,0,2013-10-04
88,0,2013-10-18
88,0,2013-11-01
88,0,2013-11-15
88,0,2013-11-29
88,0,2013-12-13
88,0,2013-12-27
88,0,2014-01-10
88,0,2014-01-24
88,0,2014-02-07
88,0,2014-02-21
88,0,2014-03-07
88,0,2014-03-21
88,0,2014-04-04
88,0,2014-04-18
88,0,2014-05-02
88,0,2014-05-16
88,0,2014-05-30
88,0,2014-06-13
88,0,2014-06-27
88,0,2014-07-11
88,0,2014-07-25
88,0,2014-08-08
88,0,2014-08-22
88,0,2014-09-05
88,0,2014-09-19
108,0,2010-03-12
108,0,2010-03-26
108,0,2010-04-09
108,0,2010-04-23
108,0,2010-05-07
108,0,2010-05-21
108,0,2010-06-04
108,0,2010-06-18
108,0,2010-07-02
108,0,2010-07-16
108,0,2010-07-30
108,0,2010-08-13
108,0,2010-08-27
108,0,2010-09-10
108,0,2010-09-24
108,0,2010-10-08
108,0,2010-10-22
108,0,2010-11-05
108,0,2010-11-19
108,0,2010-12-03
108,0,2010-12-17
108,0,2010-12-31
108,0,2011-01-14
108,0,2011-01-28
108,0,2011-02-11
108,0,2011-02-25
108,0,2011-03-11
108,0,2011-03-25
108,0,2011-04-08
108,0,2011-04-22
108,0,2011-05-06
108,0,2011-05-20
108,0,2011-06-03
108,0,2011-06-17
108,0,2011-07-01
108,0,2011-07-15
108,0,2011-07-29
108,0,2011-08-12
108,0,2011-08-26
108,0,2011-09-09
108,27,2011-09-23
108,128,2011-10-07
108,149,2011-10-21
108,55,2011-11-04
108,67,2011-11-18
108,140,2011-12-02
108,84,2011-12-16
108,4,2011-12-30
108,63,2012-01-13
108,136,2012-01-27
108,108,2012-02-10
108,166,2012-02-24
108,223,2012-03-09
108,102,2012-03-23
108,10,2012-04-06
108,26,2012-04-20
108,37,2012-05-04
108,11,2012-05-18
108,0,2012-06-01
108,0,2012-06-15
108,0,2012-06-29
108,0,2012-07-13
108,0,2012-07-27
108,0,2012-08-10
108,0,2012-08-24
108,0,2012-09-07
108,0,2012-09-21
108,0,2012-10-05
108,0,2012-10-19
108,0,2012-11-02
108,0,2012-11-16
108,0,2012-11-30
108,0,2012-12-14
108,0,2012-12-28
108,0,2013-01-11
108,0,2013-01-25
108,0,2013-02-08
108,0,2013-02-22
108,0,2013-03-08
108,0,2013-03-22
108,0,2013-04-05
108,0,2013-04-19
108,0,2013-05-03
108,0,2013-05-17
108,0,2013-05-31
108,0,2013-06-14
108,0,2013-06-28
108,0,2013-07-12
108,0,2013-07-26
108,0,2013-08-09
108,0,2013-08-23
108,0,2013-09-06
108,0,2013-09-20
108,0,2013-10-04
108,0,2013-10-18
108,0,2013-11-01
108,0,2013-11-15
108,0,2013-11-29
108,0,2013-12-13
108,0,2013-12-27
108,0,2014-01-10
108,0,2014-01-24
108,0,2014-02-07
108,0,2014-02-21
108,0,2014-03-07
108,0,2014-03-21
108,0,2014-04-04
108,0,2014-04-18
108,0,2014-05-02
108,0,2014-05-16
108,0,2014-05-30
108,0,2014-06-13
108,0,2014-06-27
108,0,2014-07-11
108,0,2014-07-25
108,0,2014-08-08
108,0,2014-08-22
108,0,2014-09-05
108,0,2014-09-19
110,0,2010-03-12
110,0,2010-03-26
110,0,2010-04-09
110,0,2010-04-23
110,0,2010-05-07
110,0,2010-05-21
110,0,2010-06-04
110,0,2010-06-18
110,0,2010-07-02
110,0,2010-07-16
110,0,2010-07-30
110,0,2010-08-13
110,0,2010-08-27
110,0,2010-09-10
110,0,2010-09-24
110,0,2010-10-08
110,0,2010-10-22
110,0,2010-11-05
110,0,2010-11-19
110,0,2010-12-03
110,0,2010-12-17
110,0,2010-12-31
110,0,2011-01-14
110,0,2011-01-28
110,0,2011-02-11
110,0,2011-02-25
110,0,2011-03-11
110,0,2011-03-25
110,0,2011-04-08
110,0,2011-04-22
110,0,2011-05-06
110,0,2011-05-20
110,0,2011-06-03
110,0,2011-06-17
110,0,2011-07-01
110,0,2011-07-15
110,0,2011-07-29
110,0,2011-08-12
110,0,2011-08-26
110,0,2011-09-09
110,1,2011-09-23
110,47,2011-10-07
110,139,2011-10-21
110,109,2011-11-04
110,67,2011-11-18
110,148,2011-12-02
110,125,2011-12-16
110,28,2011-12-30
110,183,2012-01-13
110,334,2012-01-27
110,273,2012-02-10
110,275,2012-02-24
110,267,2012-03-09
110,141,2012-03-23
110,30,2012-04-06
110,135,2012-04-20
110,333,2012-05-04
110,455,2012-05-18
110,316,2012-06-01
110,83,2012-06-15
110,36,2012-06-29
110,53,2012-07-13
110,39,2012-07-27
110,16,2012-08-10
110,28,2012-08-24
110,35,2012-09-07
110,73,2012-09-21
110,80,2012-10-05
110,68,2012-10-19
110,81,2012-11-02
110,61,2012-11-16
110,41,2012-11-30
110,43,2012-12-14
110,87,2012-12-28
110,109,2013-01-11
110,50,2013-01-25
110,26,2013-02-08
110,35,2013-02-22
110,16,2013-03-08
110,0,2013-03-22
110,1,2013-04-05
110,7,2013-04-19
110,21,2013-05-03
110,35,2013-05-17
110,56,2013-05-31
110,63,2013-06-14
110,57,2013-06-28
110,38,2013-07-12
110,8,2013-07-26
110,10,2013-08-09
110,19,2013-08-23
110,15,2013-09-06
110,14,2013-09-20
110,11,2013-10-04
110,3,2013-10-18
110,0,2013-11-01
110,5,2013-11-15
110,5,2013-11-29
110,0,2013-12-13
110,0,2013-12-27
110,0,2014-01-10
110,0,2014-01-24
110,0,2014-02-07
110,0,2014-02-21
110,0,2014-03-07
110,0,2014-03-21
110,0,2014-04-04
110,0,2014-04-18
110,0,2014-05-02
110,0,2014-05-16
110,0,2014-05-30
110,0,2014-06-13
110,0,2014-06-27
110,0,2014-07-11
110,0,2014-07-25
110,0,2014-08-08
110,0,2014-08-22
110,0,2014-09-05
110,1,2014-09-19
116,0,2010-03-12
116,0,2010-03-26
116,0,2010-04-09
116,0,2010-04-23
116,0,2010-05-07
116,0,2010-05-21
116,0,2010-06-04
116,0,2010-06-18
116,0,2010-07-02
116,0,2010-07-16
116,0,2010-07-30
116,0,2010-08-13
116,0,2010-08-27
116,0,2010-09-10
116,0,2010-09-24
116,0,2010-10-08
116,0,2010-10-22
116,0,2010-11-05
116,0,2010-11-19
116,0,2010-12-03
116,0,2010-12-17
116,0,2010-12-31
116,0,2011-01-14
116,0,2011-01-28
116,0,2011-02-11
116,0,2011-02-25
116,0,2011-03-11
116,0,2011-03-25
116,0,2011-04-08
116,0,2011-04-22
116,0,2011-05-06
116,0,2011-05-20
116,0,2011-06-03
116,0,2011-06-17
116,0,2011-07-01
116,0,2011-07-15
116,0,2011-07-29
116,0,2011-08-12
116,0,2011-08-26
116,0,2011-09-09
116,0,2011-09-23
116,22,2011-10-07
116,52,2011-10-21
116,84,2011-11-04
116,77,2011-11-18
116,33,2011-12-02
116,10,2011-12-16
116,0,2011-12-30
116,0,2012-01-13
116,0,2012-01-27
116,0,2012-02-10
116,0,2012-02-24
116,0,2012-03-09
116,4,2012-03-23
116,4,2012-04-06
116,1,2012-04-20
116,1,2012-05-04
116,0,2012-05-18
116,0,2012-06-01
116,0,2012-06-15
116,0,2012-06-29
116,140,2012-07-13
116,140,2012-07-27
116,0,2012-08-10
116,0,2012-08-24
116,0,2012-09-07
116,16,2012-09-21
116,30,2012-10-05
116,14,2012-10-19
116,0,2012-11-02
116,0,2012-11-16
116,45,2012-11-30
116,87,2012-12-14
116,44,2012-12-28
116,25,2013-01-11
116,23,2013-01-25
116,20,2013-02-08
116,25,2013-02-22
116,5,2013-03-08
116,9,2013-03-22
116,20,2013-04-05
116,17,2013-04-19
116,26,2013-05-03
116,20,2013-05-17
116,6,2013-05-31
116,10,2013-06-14
116,4,2013-06-28
116,5,2013-07-12
116,5,2013-07-26
116,0,2013-08-09
116,3,2013-08-23
116,66,2013-09-06
116,152,2013-09-20
116,89,2013-10-04
116,0,2013-10-18
116,18,2013-11-01
116,18,2013-11-15
116,0,2013-11-29
116,32,2013-12-13
116,35,2013-12-27
116,3,2014-01-10
116,1,2014-01-24
116,4,2014-02-07
116,3,2014-02-21
116,0,2014-03-07
116,17,2014-03-21
116,17,2014-04-04
116,0,2014-04-18
116,8,2014-05-02
116,10,2014-05-16
116,2,2014-05-30
116,0,2014-06-13
116,0,2014-06-27
116,0,2014-07-11
116,0,2014-07-25
116,0,2014-08-08
116,0,2014-08-22
116,0,2014-09-05
116,0,2014-09-19
176,0,2010-03-12
176,0,2010-03-26
176,0,2010-04-09
176,0,2010-04-23
176,0,2010-05-07
176,0,2010-05-21
176,0,2010-06-04
176,0,2010-06-18
176,0,2010-07-02
176,0,2010-07-16
176,0,2010-07-30
176,0,2010-08-13
176,0,2010-08-27
176,0,2010-09-10
176,0,2010-09-24
176,0,2010-10-08
176,0,2010-10-22
176,0,2010-11-05
176,0,2010-11-19
176,0,2010-12-03
176,0,2010-12-17
176,0,2010-12-31
176,0,2011-01-14
176,0,2011-01-28
176,0,2011-02-11
176,0,2011-02-25
176,0,2011-03-11
176,0,2011-03-25
176,0,2011-04-08
176,0,2011-04-22
176,0,2011-05-06
176,0,2011-05-20
176,0,2011-06-03
176,0,2011-06-17
176,0,2011-07-01
176,0,2011-07-15
176,0,2011-07-29
176,0,2011-08-12
176,0,2011-08-26
176,0,2011-09-09
176,0,2011-09-23
176,0,2011-10-07
176,2,2011-10-21
176,8,2011-11-04
176,18,2011-11-18
176,19,2011-12-02
176,21,2011-12-16
176,18,2011-12-30
176,12,2012-01-13
176,8,2012-01-27
176,1,2012-02-10
176,14,2012-02-24
176,13,2012-03-09
176,0,2012-03-23
176,0,2012-04-06
176,3,2012-04-20
176,3,2012-05-04
176,0,2012-05-18
176,2,2012-06-01
176,3,2012-06-15
176,1,2012-06-29
176,0,2012-07-13
176,4,2012-07-27
176,9,2012-08-10
176,17,2012-08-24
176,31,2012-09-07
176,28,2012-09-21
176,13,2012-10-05
176,5,2012-10-19
176,1,2012-11-02
176,0,2012-11-16
176,6,2012-11-30
176,28,2012-12-14
176,39,2012-12-28
176,27,2013-01-11
176,24,2013-01-25
176,14,2013-02-08
176,8,2013-02-22
176,8,2013-03-08
176,3,2013-03-22
176,3,2013-04-05
176,1,2013-04-19
176,1,2013-05-03
176,0,2013-05-17
176,11,2013-05-31
176,15,2013-06-14
176,7,2013-06-28
176,7,2013-07-12
176,4,2013-07-26
176,0,2013-08-09
176,0,2013-08-23
176,17,2013-09-06
176,24,2013-09-20
176,7,2013-10-04
176,0,2013-10-18
176,6,2013-11-01
176,17,2013-11-15
176,34,2013-11-29
176,25,2013-12-13
176,2,2013-12-27
176,9,2014-01-10
176,10,2014-01-24
176,11,2014-02-07
176,10,2014-02-21
176,0,2014-03-07
176,1,2014-03-21
176,1,2014-04-04
176,0,2014-04-18
176,0,2014-05-02
176,9,2014-05-16
176,9,2014-05-30
176,0,2014-06-13
176,0,2014-06-27
176,0,2014-07-11
176,0,2014-07-25
176,0,2014-08-08
176,0,2014-08-22
176,0,2014-09-05
176,17,2014-09-19
177,0,2010-03-12
177,0,2010-03-26
177,0,2010-04-09
177,0,2010-04-23
177,0,2010-05-07
177,0,2010-05-21
177,0,2010-06-04
177,0,2010-06-18
177,0,2010-07-02
177,0,2010-07-16
177,0,2010-07-30
177,0,2010-08-13
177,0,2010-08-27
177,0,2010-09-10
177,0,2010-09-24
177,0,2010-10-08
177,0,2010-10-22
177,0,2010-11-05
177,0,2010-11-19
177,0,2010-12-03
177,0,2010-12-17
177,0,2010-12-31
177,0,2011-01-14
177,0,2011-01-28
177,0,2011-02-11
177,0,2011-02-25
177,0,2011-03-11
177,0,2011-03-25
177,0,2011-04-08
177,0,2011-04-22
177,0,2011-05-06
177,0,2011-05-20
177,0,2011-06-03
177,0,2011-06-17
177,0,2011-07-01
177,0,2011-07-15
177,0,2011-07-29
177,0,2011-08-12
177,0,2011-08-26
177,0,2011-09-09
177,0,2011-09-23
177,0,2011-10-07
177,0,2011-10-21
177,4,2011-11-04
177,11,2011-11-18
177,11,2011-12-02
177,4,2011-12-16
177,2,2011-12-30
177,3,2012-01-13
177,1,2012-01-27
177,0,2012-02-10
177,2,2012-02-24
177,2,2012-03-09
177,3,2012-03-23
177,3,2012-04-06
177,0,2012-04-20
177,4,2012-05-04
177,4,2012-05-18
177,0,2012-06-01
177,2,2012-06-15
177,13,2012-06-29
177,24,2012-07-13
177,21,2012-07-27
177,16,2012-08-10
177,8,2012-08-24
177,10,2012-09-07
177,11,2012-09-21
177,1,2012-10-05
177,0,2012-10-19
177,0,2012-11-02
177,0,2012-11-16
177,0,2012-11-30
177,9,2012-12-14
177,12,2012-12-28
177,3,2013-01-11
177,1,2013-01-25
177,1,2013-02-08
177,0,2013-02-22
177,0,2013-03-08
177,1,2013-03-22
177,2,2013-04-05
177,2,2013-04-19
177,1,2013-05-03
177,6,2013-05-17
177,13,2013-05-31
177,12,2013-06-14
177,5,2013-06-28
177,4,2013-07-12
177,4,2013-07-26
177,0,2013-08-09
177,3,2013-08-23
177,9,2013-09-06
177,9,2013-09-20
177,3,2013-10-04
177,4,2013-10-18
177,4,2013-11-01
177,0,2013-11-15
177,1,2013-11-29
177,2,2013-12-13
177,8,2013-12-27
177,8,2014-01-10
177,9,2014-01-24
177,8,2014-02-07
177,0,2014-02-21
177,0,2014-03-07
177,0,2014-03-21
177,0,2014-04-04
177,0,2014-04-18
177,0,2014-05-02
177,1,2014-05-16
177,1,2014-05-30
177,0,2014-06-13
177,0,2014-06-27
177,0,2014-07-11
177,0,2014-07-25
177,0,2014-08-08
177,0,2014-08-22
177,0,2014-09-05
177,5,2014-09-19
196,0,2010-03-12
196,0,2010-03-26
196,0,2010-04-09
196,0,2010-04-23
196,0,2010-05-07
196,0,2010-05-21
196,0,2010-06-04
196,0,2010-06-18
196,0,2010-07-02
196,0,2010-07-16
196,0,2010-07-30
196,0,2010-08-13
196,0,2010-08-27
196,0,2010-09-10
196,0,2010-09-24
196,0,2010-10-08
196,0,2010-10-22
196,0,2010-11-05
196,0,2010-11-19
196,0,2010-12-03
196,0,2010-12-17
196,0,2010-12-31
196,0,2011-01-14
196,0,2011-01-28
196,0,2011-02-11
196,0,2011-02-25
196,0,2011-03-11
196,0,2011-03-25
196,0,2011-04-08
196,0,2011-04-22
196,0,2011-05-06
196,0,2011-05-20
196,0,2011-06-03
196,0,2011-06-17
196,0,2011-07-01
196,0,2011-07-15
196,0,2011-07-29
196,0,2011-08-12
196,0,2011-08-26
196,0,2011-09-09
196,0,2011-09-23
196,0,2011-10-07
196,0,2011-10-21
196,0,2011-11-04
196,0,2011-11-18
196,0,2011-12-02
196,7,2011-12-16
196,9,2011-12-30
196,2,2012-01-13
196,0,2012-01-27
196,0,2012-02-10
196,0,2012-02-24
196,0,2012-03-09
196,0,2012-03-23
196,3,2012-04-06
196,3,2012-04-20
196,0,2012-05-04
196,0,2012-05-18
196,9,2012-06-01
196,17,2012-06-15
196,9,2012-06-29
196,12,2012-07-13
196,24,2012-07-27
196,29,2012-08-10
196,19,2012-08-24
196,3,2012-09-07
196,0,2012-09-21
196,0,2012-10-05
196,1,2012-10-19
196,1,2012-11-02
196,9,2012-11-16
196,9,2012-11-30
196,3,2012-12-14
196,8,2012-12-28
196,5,2013-01-11
196,0,2013-01-25
196,0,2013-02-08
196,0,2013-02-22
196,0,2013-03-08
196,0,2013-03-22
196,0,2013-04-05
196,0,2013-04-19
196,0,2013-05-03
196,0,2013-05-17
196,0,2013-05-31
196,0,2013-06-14
196,0,2013-06-28
196,0,2013-07-12
196,0,2013-07-26
196,0,2013-08-09
196,10,2013-08-23
196,10,2013-09-06
196,0,2013-09-20
196,0,2013-10-04
196,0,2013-10-18
196,0,2013-11-01
196,0,2013-11-15
196,0,2013-11-29
196,0,2013-12-13
196,0,2013-12-27
196,0,2014-01-10
196,0,2014-01-24
196,0,2014-02-07
196,0,2014-02-21
196,0,2014-03-07
196,0,2014-03-21
196,0,2014-04-04
196,0,2014-04-18
196,0,2014-05-02
196,0,2014-05-16
196,0,2014-05-30
196,0,2014-06-13
196,0,2014-06-27
196,0,2014-07-11
196,0,2014-07-25
196,0,2014-08-08
196,0,2014-08-22
196,0,2014-09-05
196,0,2014-09-19
243,0,2010-03-12
243,0,2010-03-26
243,0,2010-04-09
243,0,2010-04-23
243,0,2010-05-07
243,0,2010-05-21
243,0,2010-06-04
243,0,2010-06-18
243,0,2010-07-02
243,0,2010-07-16
243,0,2010-07-30
243,0,2010-08-13
243,0,2010-08-27
243,0,2010-09-10
243,0,2010-09-24
243,0,2010-10-08
243,0,2010-10-22
243,0,2010-11-05
243,0,2010-11-19
243,0,2010-12-03
243,0,2010-12-17
243,0,2010-12-31
243,0,2011-01-14
243,0,2011-01-28
243,0,2011-02-11
243,0,2011-02-25
243,0,2011-03-11
243,0,2011-03-25
243,0,2011-04-08
243,0,2011-04-22
243,0,2011-05-06
243,0,2011-05-20
243,0,2011-06-03
243,0,2011-06-17
243,0,2011-07-01
243,0,2011-07-15
243,0,2011-07-29
243,0,2011-08-12
243,0,2011-08-26
243,0,2011-09-09
243,0,2011-09-23
243,0,2011-10-07
243,0,2011-10-21
243,0,2011-11-04
243,0,2011-11-18
243,0,2011-12-02
243,0,2011-12-16
243,0,2011-12-30
243,0,2012-01-13
243,0,2012-01-27
243,0,2012-02-10
243,0,2012-02-24
243,0,2012-03-09
243,0,2012-03-23
243,0,2012-04-06
243,0,2012-04-20
243,0,2012-05-04
243,0,2012-05-18
243,0,2012-06-01
243,0,2012-06-15
243,0,2012-06-29
243,0,2012-07-13
243,0,2012-07-27
243,0,2012-08-10
243,0,2012-08-24
243,0,2012-09-07
243,15,2012-09-21
243,15,2012-10-05
243,3,2012-10-19
243,3,2012-11-02
243,0,2012-11-16
243,0,2012-11-30
243,6,2012-12-14
243,12,2012-12-28
243,6,2013-01-11
243,0,2013-01-25
243,0,2013-02-08
243,0,2013-02-22
243,0,2013-03-08
243,0,2013-03-22
243,0,2013-04-05
243,0,2013-04-19
243,5,2013-05-03
243,16,2013-05-17
243,11,2013-05-31
243,0,2013-06-14
243,0,2013-06-28
243,0,2013-07-12
243,18,2013-07-26
243,18,2013-08-09
243,0,2013-08-23
243,4,2013-09-06
243,8,2013-09-20
243,4,2013-10-04
243,0,2013-10-18
243,1,2013-11-01
243,1,2013-11-15
243,0,2013-11-29
243,10,2013-12-13
243,10,2013-12-27
243,0,2014-01-10
243,0,2014-01-24
243,0,2014-02-07
243,0,2014-02-21
243,0,2014-03-07
243,0,2014-03-21
243,5,2014-04-04
243,8,2014-04-18
243,3,2014-05-02
243,7,2014-05-16
243,7,2014-05-30
243,0,2014-06-13
243,0,2014-06-27
243,0,2014-07-11
243,0,2014-07-25
243,0,2014-08-08
243,0,2014-08-22
243,0,2014-09-05
243,0,2014-09-19
248,0,2010-03-12
248,0,2010-03-26
248,0,2010-04-09
248,0,2010-04-23
248,0,2010-05-07
248,0,2010-05-21
248,0,2010-06-04
248,0,2010-06-18
248,0,2010-07-02
248,0,2010-07-16
248,0,2010-07-30
248,0,2010-08-13
248,0,2010-08-27
248,0,2010-09-10
248,0,2010-09-24
248,0,2010-10-08
248,0,2010-10-22
248,0,2010-11-05
248,0,2010-11-19
248,0,2010-12-03
248,0,2010-12-17
248,0,2010-12-31
248,0,2011-01-14
248,0,2011-01-28
248,0,2011-02-11
248,0,2011-02-25
248,0,2011-03-11
248,0,2011-03-25
248,0,2011-04-08
248,0,2011-04-22
248,0,2011-05-06
248,0,2011-05-20
248,0,2011-06-03
248,0,2011-06-17
248,0,2011-07-01
248,0,2011-07-15
248,0,2011-07-29
248,0,2011-08-12
248,0,2011-08-26
248,0,2011-09-09
248,0,2011-09-23
248,0,2011-10-07
248,0,2011-10-21
248,0,2011-11-04
248,0,2011-11-18
248,0,2011-12-02
248,0,2011-12-16
248,0,2011-12-30
248,0,2012-01-13
248,0,2012-01-27
248,0,2012-02-10
248,0,2012-02-24
248,0,2012-03-09
248,0,2012-03-23
248,0,2012-04-06
248,0,2012-04-20
248,0,2012-05-04
248,0,2012-05-18
248,0,2012-06-01
248,0,2012-06-15
248,0,2012-06-29
248,0,2012-07-13
248,0,2012-07-27
248,0,2012-08-10
248,0,2012-08-24
248,0,2012-09-07
248,0,2012-09-21
248,1,2012-10-05
248,26,2012-10-19
248,26,2012-11-02
248,5,2012-11-16
248,5,2012-11-30
248,3,2012-12-14
248,2,2012-12-28
248,9,2013-01-11
248,9,2013-01-25
248,16,2013-02-08
248,16,2013-02-22
248,0,2013-03-08
248,0,2013-03-22
248,0,2013-04-05
248,0,2013-04-19
248,0,2013-05-03
248,3,2013-05-17
248,6,2013-05-31
248,3,2013-06-14
248,0,2013-06-28
248,0,2013-07-12
248,0,2013-07-26
248,0,2013-08-09
248,0,2013-08-23
248,0,2013-09-06
248,0,2013-09-20
248,0,2013-10-04
248,0,2013-10-18
248,0,2013-11-01
248,0,2013-11-15
248,0,2013-11-29
248,0,2013-12-13
248,0,2013-12-27
248,0,2014-01-10
248,0,2014-01-24
248,0,2014-02-07
248,0,2014-02-21
248,0,2014-03-07
248,0,2014-03-21
248,0,2014-04-04
248,0,2014-04-18
248,0,2014-05-02
248,0,2014-05-16
248,0,2014-05-30
248,0,2014-06-13
248,0,2014-06-27
248,0,2014-07-11
248,0,2014-07-25
248,0,2014-08-08
248,0,2014-08-22
248,0,2014-09-05
248,0,2014-09-19
253,0,2010-03-12
253,0,2010-03-26
253,0,2010-04-09
253,0,2010-04-23
253,0,2010-05-07
253,0,2010-05-21
253,0,2010-06-04
253,0,2010-06-18
253,0,2010-07-02
253,0,2010-07-16
253,0,2010-07-30
253,0,2010-08-13
253,0,2010-08-27
253,0,2010-09-10
253,0,2010-09-24
253,0,2010-10-08
253,0,2010-10-22
253,0,2010-11-05
253,0,2010-11-19
253,0,2010-12-03
253,0,2010-12-17
253,0,2010-12-31
253,0,2011-01-14
253,0,2011-01-28
253,0,2011-02-11
253,0,2011-02-25
253,0,2011-03-11
253,0,2011-03-25
253,0,2011-04-08
253,0,2011-04-22
253,0,2011-05-06
253,0,2011-05-20
253,0,2011-06-03
253,0,2011-06-17
253,0,2011-07-01
253,0,2011-07-15
253,0,2011-07-29
253,0,2011-08-12
253,0,2011-08-26
253,0,2011-09-09
253,0,2011-09-23
253,0,2011-10-07
253,0,2011-10-21
253,0,2011-11-04
253,0,2011-11-18
253,0,2011-12-02
253,0,2011-12-16
253,0,2011-12-30
253,0,2012-01-13
253,0,2012-01-27
253,0,2012-02-10
253,0,2012-02-24
253,0,2012-03-09
253,0,2012-03-23
253,0,2012-04-06
253,0,2012-04-20
253,0,2012-05-04
253,0,2012-05-18
253,0,2012-06-01
253,0,2012-06-15
253,0,2012-06-29
253,0,2012-07-13
253,0,2012-07-27
253,0,2012-08-10
253,0,2012-08-24
253,0,2012-09-07
253,0,2012-09-21
253,0,2012-10-05
253,0,2012-10-19
253,0,2012-11-02
253,3,2012-11-16
253,9,2012-11-30
253,6,2012-12-14
253,0,2012-12-28
253,18,2013-01-11
253,48,2013-01-25
253,58,2013-02-08
253,67,2013-02-22
253,39,2013-03-08
253,0,2013-03-22
253,0,2013-04-05
253,2,2013-04-19
253,2,2013-05-03
253,17,2013-05-17
253,21,2013-05-31
253,6,2013-06-14
253,3,2013-06-28
253,1,2013-07-12
253,0,2013-07-26
253,0,2013-08-09
253,2,2013-08-23
253,2,2013-09-06
253,10,2013-09-20
253,43,2013-10-04
253,48,2013-10-18
253,59,2013-11-01
253,61,2013-11-15
253,17,2013-11-29
253,1,2013-12-13
253,1,2013-12-27
253,0,2014-01-10
253,0,2014-01-24
253,0,2014-02-07
253,0,2014-02-21
253,0,2014-03-07
253,0,2014-03-21
253,0,2014-04-04
253,0,2014-04-18
253,0,2014-05-02
253,0,2014-05-16
253,0,2014-05-30
253,0,2014-06-13
253,0,2014-06-27
253,0,2014-07-11
253,0,2014-07-25
253,0,2014-08-08
253,0,2014-08-22
253,0,2014-09-05
253,0,2014-09-19
255,0,2010-03-12
255,0,2010-03-26
255,0,2010-04-09
255,0,2010-04-23
255,0,2010-05-07
255,0,2010-05-21
255,0,2010-06-04
255,0,2010-06-18
255,0,2010-07-02
255,0,2010-07-16
255,0,2010-07-30
255,0,2010-08-13
255,0,2010-08-27
255,0,2010-09-10
255,0,2010-09-24
255,0,2010-10-08
255,0,2010-10-22
255,0,2010-11-05
255,0,2010-11-19
255,0,2010-12-03
255,0,2010-12-17
255,0,2010-12-31
255,0,2011-01-14
255,0,2011-01-28
255,0,2011-02-11
255,0,2011-02-25
255,0,2011-03-11
255,0,2011-03-25
255,0,2011-04-08
255,0,2011-04-22
255,0,2011-05-06
255,0,2011-05-20
255,0,2011-06-03
255,0,2011-06-17
255,0,2011-07-01
255,0,2011-07-15
255,0,2011-07-29
255,0,2011-08-12
255,0,2011-08-26
255,0,2011-09-09
255,0,2011-09-23
255,0,2011-10-07
255,0,2011-10-21
255,0,2011-11-04
255,0,2011-11-18
255,0,2011-12-02
255,0,2011-12-16
255,0,2011-12-30
255,0,2012-01-13
255,0,2012-01-27
255,0,2012-02-10
255,0,2012-02-24
255,0,2012-03-09
255,0,2012-03-23
255,0,2012-04-06
255,0,2012-04-20
255,0,2012-05-04
255,0,2012-05-18
255,0,2012-06-01
255,0,2012-06-15
255,0,2012-06-29
255,0,2012-07-13
255,0,2012-07-27
255,0,2012-08-10
255,0,2012-08-24
255,0,2012-09-07
255,0,2012-09-21
255,0,2012-10-05
255,0,2012-10-19
255,0,2012-11-02
255,0,2012-11-16
255,49,2012-11-30
255,75,2012-12-14
255,93,2012-12-28
255,142,2013-01-11
255,186,2013-01-25
255,228,2013-02-08
255,201,2013-02-22
255,84,2013-03-08
255,1,2013-03-22
255,1,2013-04-05
255,0,2013-04-19
255,0,2013-05-03
255,0,2013-05-17
255,0,2013-05-31
255,0,2013-06-14
255,0,2013-06-28
255,0,2013-07-12
255,0,2013-07-26
255,0,2013-08-09
255,0,2013-08-23
255,0,2013-09-06
255,0,2013-09-20
255,0,2013-10-04
255,0,2013-10-18
255,0,2013-11-01
255,0,2013-11-15
255,0,2013-11-29
255,0,2013-12-13
255,0,2013-12-27
255,0,2014-01-10
255,0,2014-01-24
255,0,2014-02-07
255,0,2014-02-21
255,0,2014-03-07
255,0,2014-03-21
255,0,2014-04-04
255,0,2014-04-18
255,0,2014-05-02
255,0,2014-05-16
255,0,2014-05-30
255,0,2014-06-13
255,0,2014-06-27
255,0,2014-07-11
255,0,2014-07-25
255,0,2014-08-08
255,0,2014-08-22
255,0,2014-09-05
255,0,2014-09-19
272,0,2010-03-12
272,0,2010-03-26
272,0,2010-04-09
272,0,2010-04-23
272,0,2010-05-07
272,0,2010-05-21
272,0,2010-06-04
272,0,2010-06-18
272,0,2010-07-02
272,0,2010-07-16
272,0,2010-07-30
272,0,2010-08-13
272,0,2010-08-27
272,0,2010-09-10
272,0,2010-09-24
272,0,2010-10-08
272,0,2010-10-22
272,0,2010-11-05
272,0,2010-11-19
272,0,2010-12-03
272,0,2010-12-17
272,0,2010-12-31
272,0,2011-01-14
272,0,2011-01-28
272,0,2011-02-11
272,0,2011-02-25
272,0,2011-03-11
272,0,2011-03-25
272,0,2011-04-08
272,0,2011-04-22
272,0,2011-05-06
272,0,2011-05-20
272,0,2011-06-03
272,0,2011-06-17
272,0,2011-07-01
272,0,2011-07-15
272,0,2011-07-29
272,0,2011-08-12
272,0,2011-08-26
272,0,2011-09-09
272,0,2011-09-23
272,0,2011-10-07
272,0,2011-10-21
272,0,2011-11-04
272,0,2011-11-18
272,0,2011-12-02
272,0,2011-12-16
272,0,2011-12-30
272,0,2012-01-13
272,0,2012-01-27
272,0,2012-02-10
272,0,2012-02-24
272,0,2012-03-09
272,0,2012-03-23
272,0,2012-04-06
272,0,2012-04-20
272,0,2012-05-04
272,0,2012-05-18
272,0,2012-06-01
272,0,2012-06-15
272,0,2012-06-29
272,0,2012-07-13
272,0,2012-07-27
272,0,2012-08-10
272,0,2012-08-24
272,0,2012-09-07
272,0,2012-09-21
272,0,2012-10-05
272,0,2012-10-19
272,0,2012-11-02
272,0,2012-11-16
272,0,2012-11-30
272,0,2012-12-14
272,0,2012-12-28
272,0,2013-01-11
272,0,2013-01-25
272,0,2013-02-08
272,0,2013-02-22
272,0,2013-03-08
272,0,2013-03-22
272,1,2013-04-05
272,5,2013-04-19
272,4,2013-05-03
272,7,2013-05-17
272,9,2013-05-31
272,11,2013-06-14
272,9,2013-06-28
272,0,2013-07-12
272,0,2013-07-26
272,0,2013-08-09
272,0,2013-08-23
272,0,2013-09-06
272,5,2013-09-20
272,16,2013-10-04
272,15,2013-10-18
272,7,2013-11-01
272,8,2013-11-15
272,8,2013-11-29
272,4,2013-12-13
272,2,2013-12-27
272,1,2014-01-10
272,0,2014-01-24
272,0,2014-02-07
272,0,2014-02-21
272,1,2014-03-07
272,1,2014-03-21
272,0,2014-04-04
272,0,2014-04-18
272,0,2014-05-02
272,0,2014-05-16
272,0,2014-05-30
272,0,2014-06-13
272,0,2014-06-27
272,0,2014-07-11
272,0,2014-07-25
272,0,2014-08-08
272,0,2014-08-22
272,0,2014-09-05
272,0,2014-09-19
274,0,2010-03-12
274,0,2010-03-26
274,0,2010-04-09
274,0,2010-04-23
274,0,2010-05-07
274,0,2010-05-21
274,0,2010-06-04
274,0,2010-06-18
274,0,2010-07-02
274,0,2010-07-16
274,0,2010-07-30
274,0,2010-08-13
274,0,2010-08-27
274,0,2010-09-10
274,0,2010-09-24
274,0,2010-10-08
274,0,2010-10-22
274,0,2010-11-05
274,0,2010-11-19
274,0,2010-12-03
274,0,2010-12-17
274,0,2010-12-31
274,0,2011-01-14
274,0,2011-01-28
274,0,2011-02-11
274,0,2011-02-25
274,0,2011-03-11
274,0,2011-03-25
274,0,2011-04-08
274,0,2011-04-22
274,0,2011-05-06
274,0,2011-05-20
274,0,2011-06-03
274,0,2011-06-17
274,0,2011-07-01
274,0,2011-07-15
274,0,2011-07-29
274,0,2011-08-12
274,0,2011-08-26
274,0,2011-09-09
274,0,2011-09-23
274,0,2011-10-07
274,0,2011-10-21
274,0,2011-11-04
274,0,2011-11-18
274,0,2011-12-02
274,0,2011-12-16
274,0,2011-12-30
274,0,2012-01-13
274,0,2012-01-27
274,0,2012-02-10
274,0,2012-02-24
274,0,2012-03-09
274,0,2012-03-23
274,0,2012-04-06
274,0,2012-04-20
274,0,2012-05-04
274,0,2012-05-18
274,0,2012-06-01
274,0,2012-06-15
274,0,2012-06-29
274,0,2012-07-13
274,0,2012-07-27
274,0,2012-08-10
274,0,2012-08-24
274,0,2012-09-07
274,0,2012-09-21
274,0,2012-10-05
274,0,2012-10-19
274,0,2012-11-02
274,0,2012-11-16
274,0,2012-11-30
274,0,2012-12-14
274,0,2012-12-28
274,0,2013-01-11
274,0,2013-01-25
274,0,2013-02-08
274,0,2013-02-22
274,0,2013-03-08
274,0,2013-03-22
274,0,2013-04-05
274,8,2013-04-19
274,8,2013-05-03
274,0,2013-05-17
274,6,2013-05-31
274,10,2013-06-14
274,4,2013-06-28
274,0,2013-07-12
274,0,2013-07-26
274,0,2013-08-09
274,0,2013-08-23
274,0,2013-09-06
274,3,2013-09-20
274,12,2013-10-04
274,20,2013-10-18
274,11,2013-11-01
274,0,2013-11-15
274,0,2013-11-29
274,0,2013-12-13
274,0,2013-12-27
274,4,2014-01-10
274,5,2014-01-24
274,2,2014-02-07
274,7,2014-02-21
274,6,2014-03-07
274,0,2014-03-21
274,0,2014-04-04
274,0,2014-04-18
274,0,2014-05-02
274,0,2014-05-16
274,0,2014-05-30
274,0,2014-06-13
274,0,2014-06-27
274,0,2014-07-11
274,0,2014-07-25
274,0,2014-08-08
274,0,2014-08-22
274,0,2014-09-05
274,0,2014-09-19
278,0,2010-03-12
278,0,2010-03-26
278,0,2010-04-09
278,0,2010-04-23
278,0,2010-05-07
278,0,2010-05-21
278,0,2010-06-04
278,0,2010-06-18
278,0,2010-07-02
278,0,2010-07-16
278,0,2010-07-30
278,0,2010-08-13
278,0,2010-08-27
278,0,2010-09-10
278,0,2010-09-24
278,0,2010-10-08
278,0,2010-10-22
278,0,2010-11-05
278,0,2010-11-19
278,0,2010-12-03
278,0,2010-12-17
278,0,2010-12-31
278,0,2011-01-14
278,0,2011-01-28
278,0,2011-02-11
278,0,2011-02-25
278,0,2011-03-11
278,0,2011-03-25
278,0,2011-04-08
278,0,2011-04-22
278,0,2011-05-06
278,0,2011-05-20
278,0,2011-06-03
278,0,2011-06-17
278,0,2011-07-01
278,0,2011-07-15
278,0,2011-07-29
278,0,2011-08-12
278,0,2011-08-26
278,0,2011-09-09
278,0,2011-09-23
278,0,2011-10-07
278,0,2011-10-21
278,0,2011-11-04
278,0,2011-11-18
278,0,2011-12-02
278,0,2011-12-16
278,0,2011-12-30
278,0,2012-01-13
278,0,2012-01-27
278,0,2012-02-10
278,0,2012-02-24
278,0,2012-03-09
278,0,2012-03-23
278,0,2012-04-06
278,0,2012-04-20
278,0,2012-05-04
278,0,2012-05-18
278,0,2012-06-01
278,0,2012-06-15
278,0,2012-06-29
278,0,2012-07-13
278,0,2012-07-27
278,0,2012-08-10
278,0,2012-08-24
278,0,2012-09-07
278,0,2012-09-21
278,0,2012-10-05
278,0,2012-10-19
278,0,2012-11-02
278,0,2012-11-16
278,0,2012-11-30
278,0,2012-12-14
278,0,2012-12-28
278,0,2013-01-11
278,0,2013-01-25
278,0,2013-02-08
278,0,2013-02-22
278,0,2013-03-08
278,0,2013-03-22
278,0,2013-04-05
278,0,2013-04-19
278,0,2013-05-03
278,5,2013-05-17
278,15,2013-05-31
278,11,2013-06-14
278,1,2013-06-28
278,0,2013-07-12
278,0,2013-07-26
278,0,2013-08-09
278,0,2013-08-23
278,0,2013-09-06
278,22,2013-09-20
278,32,2013-10-04
278,12,2013-10-18
278,3,2013-11-01
278,2,2013-11-15
278,1,2013-11-29
278,0,2013-12-13
278,0,2013-12-27
278,1,2014-01-10
278,1,2014-01-24
278,1,2014-02-07
278,1,2014-02-21
278,0,2014-03-07
278,0,2014-03-21
278,0,2014-04-04
278,0,2014-04-18
278,0,2014-05-02
278,0,2014-05-16
278,0,2014-05-30
278,0,2014-06-13
278,0,2014-06-27
278,0,2014-07-11
278,0,2014-07-25
278,0,2014-08-08
278,0,2014-08-22
278,0,2014-09-05
278,0,2014-09-19
306,0,2010-03-12
306,0,2010-03-26
306,0,2010-04-09
306,0,2010-04-23
306,0,2010-05-07
306,0,2010-05-21
306,0,2010-06-04
306,0,2010-06-18
306,0,2010-07-02
306,0,2010-07-16
306,0,2010-07-30
306,0,2010-08-13
306,0,2010-08-27
306,0,2010-09-10
306,0,2010-09-24
306,0,2010-10-08
306,0,2010-10-22
306,0,2010-11-05
306,0,2010-11-19
306,0,2010-12-03
306,0,2010-12-17
306,0,2010-12-31
306,0,2011-01-14
306,0,2011-01-28
306,0,2011-02-11
306,0,2011-02-25
306,0,2011-03-11
306,0,2011-03-25
306,0,2011-04-08
306,0,2011-04-22
306,0,2011-05-06
306,0,2011-05-20
306,0,2011-06-03
306,0,2011-06-17
306,0,2011-07-01
306,0,2011-07-15
306,0,2011-07-29
306,0,2011-08-12
306,0,2011-08-26
306,0,2011-09-09
306,0,2011-09-23
306,0,2011-10-07
306,0,2011-10-21
306,0,2011-11-04
306,0,2011-11-18
306,0,2011-12-02
306,0,2011-12-16
306,0,2011-12-30
306,0,2012-01-13
306,0,2012-01-27
306,0,2012-02-10
306,0,2012-02-24
306,0,2012-03-09
306,0,2012-03-23
306,0,2012-04-06
306,0,2012-04-20
306,0,2012-05-04
306,0,2012-05-18
306,0,2012-06-01
306,0,2012-06-15
306,0,2012-06-29
306,0,2012-07-13
306,0,2012-07-27
306,0,2012-08-10
306,0,2012-08-24
306,0,2012-09-07
306,0,2012-09-21
306,0,2012-10-05
306,0,2012-10-19
306,0,2012-11-02
306,0,2012-11-16
306,0,2012-11-30
306,0,2012-12-14
306,0,2012-12-28
306,0,2013-01-11
306,0,2013-01-25
306,0,2013-02-08
306,0,2013-02-22
306,0,2013-03-08
306,0,2013-03-22
306,0,2013-04-05
306,0,2013-04-19
306,0,2013-05-03
306,0,2013-05-17
306,0,2013-05-31
306,0,2013-06-14
306,0,2013-06-28
306,0,2013-07-12
306,0,2013-07-26
306,10,2013-08-09
306,72,2013-08-23
306,125,2013-09-06
306,93,2013-09-20
306,97,2013-10-04
306,83,2013-10-18
306,45,2013-11-01
306,50,2013-11-15
306,36,2013-11-29
306,28,2013-12-13
306,16,2013-12-27
306,6,2014-01-10
306,13,2014-01-24
306,13,2014-02-07
306,5,2014-02-21
306,10,2014-03-07
306,8,2014-03-21
306,0,2014-04-04
306,0,2014-04-18
306,0,2014-05-02
306,0,2014-05-16
306,0,2014-05-30
306,0,2014-06-13
306,0,2014-06-27
306,0,2014-07-11
306,0,2014-07-25
306,0,2014-08-08
306,0,2014-08-22
306,0,2014-09-05
306,0,2014-09-19
338,0,2010-03-12
338,0,2010-03-26
338,0,2010-04-09
338,0,2010-04-23
338,0,2010-05-07
338,0,2010-05-21
338,0,2010-06-04
338,0,2010-06-18
338,0,2010-07-02
338,0,2010-07-16
338,0,2010-07-30
338,0,2010-08-13
338,0,2010-08-27
338,0,2010-09-10
338,0,2010-09-24
338,0,2010-10-08
338,0,2010-10-22
338,0,2010-11-05
338,0,2010-11-19
338,0,2010-12-03
338,0,2010-12-17
338,0,2010-12-31
338,0,2011-01-14
338,0,2011-01-28
338,0,2011-02-11
338,0,2011-02-25
338,0,2011-03-11
338,0,2011-03-25
338,0,2011-04-08
338,0,2011-04-22
338,0,2011-05-06
338,0,2011-05-20
338,0,2011-06-03
338,0,2011-06-17
338,0,2011-07-01
338,0,2011-07-15
338,0,2011-07-29
338,0,2011-08-12
338,0,2011-08-26
338,0,2011-09-09
338,0,2011-09-23
338,0,2011-10-07
338,0,2011-10-21
338,0,2011-11-04
338,0,2011-11-18
338,0,2011-12-02
338,0,2011-12-16
338,0,2011-12-30
338,0,2012-01-13
338,0,2012-01-27
338,0,2012-02-10
338,0,2012-02-24
338,0,2012-03-09
338,0,2012-03-23
338,0,2012-04-06
338,0,2012-04-20
338,0,2012-05-04
338,0,2012-05-18
338,0,2012-06-01
338,0,2012-06-15
338,0,2012-06-29
338,0,2012-07-13
338,0,2012-07-27
338,0,2012-08-10
338,0,2012-08-24
338,0,2012-09-07
338,0,2012-09-21
338,0,2012-10-05
338,0,2012-10-19
338,0,2012-11-02
338,0,2012-11-16
338,0,2012-11-30
338,0,2012-12-14
338,0,2012-12-28
338,0,2013-01-11
338,0,2013-01-25
338,0,2013-02-08
338,0,2013-02-22
338,0,2013-03-08
338,0,2013-03-22
338,0,2013-04-05
338,0,2013-04-19
338,0,2013-05-03
338,0,2013-05-17
338,0,2013-05-31
338,0,2013-06-14
338,0,2013-06-28
338,0,2013-07-12
338,0,2013-07-26
338,0,2013-08-09
338,0,2013-08-23
338,0,2013-09-06
338,0,2013-09-20
338,0,2013-10-04
338,0,2013-10-18
338,0,2013-11-01
338,45,2013-11-15
338,193,2013-11-29
338,271,2013-12-13
338,270,2013-12-27
338,319,2014-01-10
338,345,2014-01-24
338,335,2014-02-07
338,320,2014-02-21
338,331,2014-03-07
338,401,2014-03-21
338,305,2014-04-04
338,258,2014-04-18
338,306,2014-05-02
338,206,2014-05-16
338,81,2014-05-30
338,8,2014-06-13
338,8,2014-06-27
338,0,2014-07-11
338,0,2014-07-25
338,0,2014-08-08
338,0,2014-08-22
338,0,2014-09-05
338,75,2014-09-19
